--
-- PostgreSQL database dump
--

-- Dumped from database version 16.8
-- Dumped by pg_dump version 16.8

SET statement_timeout = 0;
SET lock_timeout = 0;
SET idle_in_transaction_session_timeout = 0;
SET client_encoding = 'UTF8';
SET standard_conforming_strings = on;
SELECT pg_catalog.set_config('search_path', '', false);
SET check_function_bodies = false;
SET xmloption = content;
SET client_min_messages = warning;
SET row_security = off;

--
-- Name: uuid-ossp; Type: EXTENSION; Schema: -; Owner: -
--

CREATE EXTENSION IF NOT EXISTS "uuid-ossp" WITH SCHEMA public;


--
-- Name: EXTENSION "uuid-ossp"; Type: COMMENT; Schema: -; Owner: 
--

COMMENT ON EXTENSION "uuid-ossp" IS 'generate universally unique identifiers (UUIDs)';


SET default_tablespace = '';

SET default_table_access_method = heap;

--
-- Name: aluno; Type: TABLE; Schema: public; Owner: ricajust
--

CREATE TABLE public.aluno (
    id uuid NOT NULL
);


ALTER TABLE public.aluno OWNER TO ricajust;

--
-- Name: cobranca; Type: TABLE; Schema: public; Owner: ricajust
--

CREATE TABLE public.cobranca (
    id uuid NOT NULL,
    data_vencimento date NOT NULL,
    metodo_pagamento character varying(255),
    pagamento_id uuid NOT NULL
);


ALTER TABLE public.cobranca OWNER TO ricajust;

--
-- Name: desempenho; Type: TABLE; Schema: public; Owner: ricajust
--

CREATE TABLE public.desempenho (
    id uuid DEFAULT public.uuid_generate_v4() NOT NULL,
    faltas integer,
    nota double precision NOT NULL,
    aluno_id uuid NOT NULL,
    disciplina_id bigint NOT NULL,
    CONSTRAINT desempenho_faltas_check CHECK ((faltas >= 0)),
    CONSTRAINT desempenho_nota_check CHECK (((nota >= (0)::double precision) AND (nota <= (10)::double precision)))
);


ALTER TABLE public.desempenho OWNER TO ricajust;

--
-- Name: disciplina; Type: TABLE; Schema: public; Owner: ricajust
--

CREATE TABLE public.disciplina (
    id bigint NOT NULL,
    descricao character varying(1000),
    nivel character varying(50) NOT NULL,
    nome character varying(255) NOT NULL,
    valor numeric(38,2) NOT NULL,
    professor_id uuid NOT NULL
);


ALTER TABLE public.disciplina OWNER TO ricajust;

--
-- Name: disciplina_seq; Type: SEQUENCE; Schema: public; Owner: ricajust
--

CREATE SEQUENCE public.disciplina_seq
    START WITH 1
    INCREMENT BY 50
    NO MINVALUE
    NO MAXVALUE
    CACHE 1;


ALTER SEQUENCE public.disciplina_seq OWNER TO ricajust;

--
-- Name: funcionario; Type: TABLE; Schema: public; Owner: ricajust
--

CREATE TABLE public.funcionario (
    data_contratacao date,
    nivel_acesso integer NOT NULL,
    id uuid NOT NULL
);


ALTER TABLE public.funcionario OWNER TO ricajust;

--
-- Name: matricula; Type: TABLE; Schema: public; Owner: ricajust
--

CREATE TABLE public.matricula (
    id bigint NOT NULL,
    data_matricula date NOT NULL,
    status character varying(255),
    aluno_id uuid NOT NULL,
    disciplina_id bigint NOT NULL
);


ALTER TABLE public.matricula OWNER TO ricajust;

--
-- Name: matricula_seq; Type: SEQUENCE; Schema: public; Owner: ricajust
--

CREATE SEQUENCE public.matricula_seq
    START WITH 1
    INCREMENT BY 50
    NO MINVALUE
    NO MAXVALUE
    CACHE 1;


ALTER SEQUENCE public.matricula_seq OWNER TO ricajust;

--
-- Name: pagamento; Type: TABLE; Schema: public; Owner: ricajust
--

CREATE TABLE public.pagamento (
    id uuid NOT NULL,
    data_vencimento date NOT NULL,
    status character varying(255) NOT NULL,
    valor_total numeric(38,2) NOT NULL,
    aluno_id uuid NOT NULL
);


ALTER TABLE public.pagamento OWNER TO ricajust;

--
-- Name: professor; Type: TABLE; Schema: public; Owner: ricajust
--

CREATE TABLE public.professor (
    especialidade character varying(255) NOT NULL,
    formacao character varying(255) NOT NULL,
    id uuid NOT NULL
);


ALTER TABLE public.professor OWNER TO ricajust;

--
-- Name: usuario; Type: TABLE; Schema: public; Owner: ricajust
--

CREATE TABLE public.usuario (
    id uuid NOT NULL,
    bairro character varying(100),
    cep character varying(9),
    cidade character varying(100),
    data_nascimento date,
    email character varying(255),
    endereco character varying(255),
    nome character varying(255) NOT NULL,
    senha character varying(255) NOT NULL,
    telefone character varying(20),
    uf character varying(2),
    cpf character varying(255) NOT NULL
);


ALTER TABLE public.usuario OWNER TO ricajust;

--
-- Data for Name: aluno; Type: TABLE DATA; Schema: public; Owner: ricajust
--

COPY public.aluno (id) FROM stdin;
19094345-a2da-465b-aa42-246be6199151
e242b257-8ada-4107-a0ff-bed7daab1123
0c9cb1ab-1d5e-499a-9c9d-afe43efd0bf2
cbbc18cc-569d-49e4-95af-2cec0a62dcbd
eb279f4d-37f1-406a-a53f-ed89bdd252aa
8c6566a6-a451-4be7-9ede-5cc1b53ba843
0e1ec798-7bcb-4246-92c6-b1194c9ff64d
ccfcb48e-2351-47ac-b77f-3e6a9b909189
53ea1842-97f4-4562-83cf-552075b6a18b
ae6dc565-1286-44e3-b26f-1da6936bb234
ec5710c5-9c39-4e5f-be7f-4aca0ee0766f
1375d219-75b5-4369-ac72-3fb905e15d2e
04ec6a82-0415-47f7-b0c8-1bc153b4e000
46b03ae6-fa0e-479a-8280-5b869beaaaac
8c76878f-b667-44ed-adaa-df290135bace
6d26d397-1486-4e2a-93d4-5d9f4987d506
7c5f7bb4-da51-486a-b4d7-399ef9c5bb06
ba9cd3b7-4165-4de0-802a-37ea28f8959a
cc271f8f-0c01-4a51-a058-def62b934c07
7b2ce095-b0ca-4eb0-bcef-0e04a9890d54
ffe5bb4c-d8dd-4abb-a64b-35ac87a78423
1da4ff59-af59-490e-84b4-8fd420e4978a
e1adabcb-9e9d-496e-94af-6d2dcfbb89f4
05316dba-f211-48e4-a9aa-792a1381a600
d0cab581-d6eb-4e0f-8625-75624dc36d2a
d86d40c3-fe12-4c82-86b9-5b9df50c3ec6
6b8ef4fe-d0fb-4d23-9f2f-a51be46ab281
ca451dd5-503b-4693-a273-df5d03d44bfe
a3d8d3f2-8999-4eca-9950-eef6f223283e
faf82468-3946-4ebf-843b-b14483ae7c56
e389aac6-9c72-4881-b481-7e9174d222e5
93e37be3-32e8-42f5-969a-4de900697412
\.


--
-- Data for Name: cobranca; Type: TABLE DATA; Schema: public; Owner: ricajust
--

COPY public.cobranca (id, data_vencimento, metodo_pagamento, pagamento_id) FROM stdin;
f638d1ea-c7cb-4742-a591-aa2a461e3bcd	2025-04-17	BOLETO	2ac5dbc8-617a-4c75-9a01-919d95492067
dcbd7edd-af2e-4800-8293-1ae25265e2dd	2025-05-17	BOLETO	2ac5dbc8-617a-4c75-9a01-919d95492067
7114a3ad-9ddd-42b5-b5b7-de6051ef9a7b	2025-06-17	BOLETO	2ac5dbc8-617a-4c75-9a01-919d95492067
1d1dee94-a1be-4111-93c2-604cbe2cc0e5	2025-07-17	BOLETO	2ac5dbc8-617a-4c75-9a01-919d95492067
603da787-4a5d-4ddf-b42a-b43a04320efa	2025-08-17	BOLETO	2ac5dbc8-617a-4c75-9a01-919d95492067
d69ea1a1-712c-4006-b0c5-bebd4bb38874	2025-09-17	BOLETO	2ac5dbc8-617a-4c75-9a01-919d95492067
9907357c-7d2e-4d94-9786-426672d6bf7c	2025-10-17	BOLETO	2ac5dbc8-617a-4c75-9a01-919d95492067
f64554bc-cb11-4ffc-8137-3c01da06d4e3	2025-11-17	BOLETO	2ac5dbc8-617a-4c75-9a01-919d95492067
d547df1e-1f20-4769-9b45-9e9cef153d6a	2025-12-17	BOLETO	2ac5dbc8-617a-4c75-9a01-919d95492067
b9500a75-377b-455a-8bd8-4d01f9ffe763	2026-01-17	BOLETO	2ac5dbc8-617a-4c75-9a01-919d95492067
0196db99-f5fb-4d82-9500-47168537fae5	2026-02-17	BOLETO	2ac5dbc8-617a-4c75-9a01-919d95492067
ad4b4462-50fc-4371-ab2c-a8f9d042cd49	2026-03-17	BOLETO	2ac5dbc8-617a-4c75-9a01-919d95492067
a9de5f94-118a-4521-9abe-654cb81416b0	2025-04-17	BOLETO	0b0d8cb6-6820-4184-b536-771d4500d5d0
d8526719-1a02-412d-81d3-8d30260a4fb7	2025-05-17	BOLETO	0b0d8cb6-6820-4184-b536-771d4500d5d0
4e79994f-dff6-4ac2-845d-5dae4584bb84	2025-06-17	BOLETO	0b0d8cb6-6820-4184-b536-771d4500d5d0
759a29bf-61fd-45b9-b697-e0fec9d48530	2025-07-17	BOLETO	0b0d8cb6-6820-4184-b536-771d4500d5d0
ca84d72e-18f5-4135-b45f-fedcdf819e12	2025-08-17	BOLETO	0b0d8cb6-6820-4184-b536-771d4500d5d0
dfb3aa8b-889a-4ff8-9d8b-ac2ee2ebfaf5	2025-09-17	BOLETO	0b0d8cb6-6820-4184-b536-771d4500d5d0
9931996d-5249-4c7c-ad64-e2640de4c809	2025-10-17	BOLETO	0b0d8cb6-6820-4184-b536-771d4500d5d0
12222a58-7f58-4b3d-a6b7-4a3b4ce5bb08	2025-11-17	BOLETO	0b0d8cb6-6820-4184-b536-771d4500d5d0
2d7af304-8466-40a8-9fdc-efb90039cb9b	2025-12-17	BOLETO	0b0d8cb6-6820-4184-b536-771d4500d5d0
eaf93939-f243-4b68-9a5f-46ed16c8fcd4	2026-01-17	BOLETO	0b0d8cb6-6820-4184-b536-771d4500d5d0
b4b7c928-d935-454e-a2fd-8453ffabde11	2026-02-17	BOLETO	0b0d8cb6-6820-4184-b536-771d4500d5d0
189a0e33-3ed4-4f92-8ef0-2df01e146cba	2026-03-17	BOLETO	0b0d8cb6-6820-4184-b536-771d4500d5d0
ff7bc8cd-1001-47a2-adde-2afa984e797b	2025-04-17	BOLETO	fb7b62f1-aeb0-48a9-b6e9-3049aaf472bd
5be55ba8-bd91-4e31-987f-18ebf1482a05	2025-05-17	BOLETO	fb7b62f1-aeb0-48a9-b6e9-3049aaf472bd
7d9d1dc3-9157-4e1d-aa3f-1da9d94fe0b6	2025-06-17	BOLETO	fb7b62f1-aeb0-48a9-b6e9-3049aaf472bd
87577bb2-a49b-4fd0-aa61-607a310fc3c9	2025-07-17	BOLETO	fb7b62f1-aeb0-48a9-b6e9-3049aaf472bd
9614ee5a-7759-4435-b8e3-bd3a1edbee9b	2025-08-17	BOLETO	fb7b62f1-aeb0-48a9-b6e9-3049aaf472bd
a004e4d4-a604-4e8e-8c04-d559fc462a1a	2025-09-17	BOLETO	fb7b62f1-aeb0-48a9-b6e9-3049aaf472bd
fe0912be-0189-4647-b3ec-3b7c22f06aa1	2025-10-17	BOLETO	fb7b62f1-aeb0-48a9-b6e9-3049aaf472bd
1c272cca-d826-4250-81af-1558202c1c41	2025-11-17	BOLETO	fb7b62f1-aeb0-48a9-b6e9-3049aaf472bd
0e365d65-b913-4623-8cf0-34e5301fcbc7	2025-12-17	BOLETO	fb7b62f1-aeb0-48a9-b6e9-3049aaf472bd
38cd017a-affb-4188-b15b-9427e71ffc90	2026-01-17	BOLETO	fb7b62f1-aeb0-48a9-b6e9-3049aaf472bd
f5615f14-2a3d-419c-8612-58937629eaeb	2026-02-17	BOLETO	fb7b62f1-aeb0-48a9-b6e9-3049aaf472bd
e78408a3-6e26-441b-96a4-a793c4bda6ee	2026-03-17	BOLETO	fb7b62f1-aeb0-48a9-b6e9-3049aaf472bd
c1256592-2bde-4906-b40e-600c1f8e007c	2025-04-17	BOLETO	7aed30bb-78c2-48e9-8f92-ab3660274e8b
14312fee-8212-4874-986e-52603d592c0f	2025-05-17	BOLETO	7aed30bb-78c2-48e9-8f92-ab3660274e8b
d9dc3696-c582-4d31-9661-8847d7e808ce	2025-06-17	BOLETO	7aed30bb-78c2-48e9-8f92-ab3660274e8b
ae28ed3d-dac4-4f2d-b4e0-e98ebaff5c7e	2025-07-17	BOLETO	7aed30bb-78c2-48e9-8f92-ab3660274e8b
63def3e1-e1b2-4431-941e-e0b042576237	2025-08-17	BOLETO	7aed30bb-78c2-48e9-8f92-ab3660274e8b
1c22c63a-e3a2-4ebe-a6d7-140e6de07930	2025-09-17	BOLETO	7aed30bb-78c2-48e9-8f92-ab3660274e8b
844b31ca-119d-482c-8e75-ee651209f62b	2025-10-17	BOLETO	7aed30bb-78c2-48e9-8f92-ab3660274e8b
06a6e378-1b10-46e3-8ac7-51c7e43ea83e	2025-11-17	BOLETO	7aed30bb-78c2-48e9-8f92-ab3660274e8b
ee3f28ac-edc8-4b8e-8894-ec6c9aee572b	2025-12-17	BOLETO	7aed30bb-78c2-48e9-8f92-ab3660274e8b
2b174471-adce-4516-8955-6badb514f485	2026-01-17	BOLETO	7aed30bb-78c2-48e9-8f92-ab3660274e8b
d0cfe962-77d8-4e72-80c8-474ac9710db7	2026-02-17	BOLETO	7aed30bb-78c2-48e9-8f92-ab3660274e8b
18674ff3-1e67-4d3b-b3ca-651ad3fa3383	2026-03-17	BOLETO	7aed30bb-78c2-48e9-8f92-ab3660274e8b
662f6b0d-ecbb-49b8-8e87-cb0cbcb98117	2025-04-17	BOLETO	1994d795-396b-45e1-84d3-427228ee3c0f
67a19787-f31d-4d8e-a182-8136b0110cfa	2025-05-17	BOLETO	1994d795-396b-45e1-84d3-427228ee3c0f
2bf2ad62-217b-4eef-b44e-34d735af59ad	2025-06-17	BOLETO	1994d795-396b-45e1-84d3-427228ee3c0f
735d7728-cdd8-4a6c-9c70-c0b52299049a	2025-07-17	BOLETO	1994d795-396b-45e1-84d3-427228ee3c0f
f8e13928-ab0d-4418-bb51-524437c15eb8	2025-08-17	BOLETO	1994d795-396b-45e1-84d3-427228ee3c0f
bf0dbbf6-a425-40f5-87ca-ff8e3583ade1	2025-09-17	BOLETO	1994d795-396b-45e1-84d3-427228ee3c0f
96ec1698-681d-43bf-8b0b-89bcdb60ba75	2025-10-17	BOLETO	1994d795-396b-45e1-84d3-427228ee3c0f
c4a234cb-938e-4d86-8e31-e09ab9a2d11a	2025-11-17	BOLETO	1994d795-396b-45e1-84d3-427228ee3c0f
8efed14c-500e-461f-bf9b-d7be1d8f0b07	2025-12-17	BOLETO	1994d795-396b-45e1-84d3-427228ee3c0f
d39714d8-ed65-42ba-9726-88985b2dd563	2026-01-17	BOLETO	1994d795-396b-45e1-84d3-427228ee3c0f
d0a2bb47-ddbd-4a78-8c0d-ddc33cd2481f	2026-02-17	BOLETO	1994d795-396b-45e1-84d3-427228ee3c0f
b7095cec-b56e-4458-a0da-e77c76bd8f5e	2026-03-17	BOLETO	1994d795-396b-45e1-84d3-427228ee3c0f
9d67b177-8047-4850-a3bb-b2bdf882c619	2025-04-17	BOLETO	f9bdfc70-0bf5-49e3-bd43-ea3894aa1af2
439608c4-da31-41c7-8a06-bb5544460030	2025-05-17	BOLETO	f9bdfc70-0bf5-49e3-bd43-ea3894aa1af2
de283935-d1d9-4502-8276-291c3f3dae0c	2025-06-17	BOLETO	f9bdfc70-0bf5-49e3-bd43-ea3894aa1af2
bc552c0f-ba64-4765-b072-cd497259e379	2025-07-17	BOLETO	f9bdfc70-0bf5-49e3-bd43-ea3894aa1af2
4a884b51-3c4f-49c5-a03c-846c161f4b58	2025-08-17	BOLETO	f9bdfc70-0bf5-49e3-bd43-ea3894aa1af2
8e978fdb-8d32-4fc8-a325-5a67b51fe440	2025-09-17	BOLETO	f9bdfc70-0bf5-49e3-bd43-ea3894aa1af2
2aee3e2d-7ce6-4ed7-b755-4014d939dece	2025-10-17	BOLETO	f9bdfc70-0bf5-49e3-bd43-ea3894aa1af2
6280dd5f-c84f-4bfc-8956-c1c310675628	2025-11-17	BOLETO	f9bdfc70-0bf5-49e3-bd43-ea3894aa1af2
c30d7985-6724-4508-87f7-b13ffbf206e2	2025-12-17	BOLETO	f9bdfc70-0bf5-49e3-bd43-ea3894aa1af2
fd415eca-dbb0-4947-856e-24f5fe983154	2026-01-17	BOLETO	f9bdfc70-0bf5-49e3-bd43-ea3894aa1af2
59ae4863-08e4-4697-a799-2c3b4feb5e84	2026-02-17	BOLETO	f9bdfc70-0bf5-49e3-bd43-ea3894aa1af2
051163dd-c2ea-4321-b245-c6f5cf29cb3f	2026-03-17	BOLETO	f9bdfc70-0bf5-49e3-bd43-ea3894aa1af2
cc231a3a-9e0a-49dc-8482-62d1505e032f	2025-04-17	BOLETO	2d256f0b-93b7-45da-8587-c9d4d5ecdb19
063aabec-e364-4522-9091-52b29cef64d4	2025-05-17	BOLETO	2d256f0b-93b7-45da-8587-c9d4d5ecdb19
9d9ab68b-d9a8-4821-8219-ae4ff989170a	2025-06-17	BOLETO	2d256f0b-93b7-45da-8587-c9d4d5ecdb19
03706f51-19ea-42a2-a375-27ee7f677ed8	2025-07-17	BOLETO	2d256f0b-93b7-45da-8587-c9d4d5ecdb19
cece5205-6236-4cac-a92e-a325945644be	2025-08-17	BOLETO	2d256f0b-93b7-45da-8587-c9d4d5ecdb19
3068adfb-33a8-47ea-9fb9-55c6c1c4a54a	2025-09-17	BOLETO	2d256f0b-93b7-45da-8587-c9d4d5ecdb19
355e05c6-dc58-4145-a708-9b7a09fd63fd	2025-10-17	BOLETO	2d256f0b-93b7-45da-8587-c9d4d5ecdb19
56c0791a-232f-4664-bd11-b4a7b7bb9259	2025-11-17	BOLETO	2d256f0b-93b7-45da-8587-c9d4d5ecdb19
c2c73253-a7eb-4367-a5b3-1d6640258bd5	2025-12-17	BOLETO	2d256f0b-93b7-45da-8587-c9d4d5ecdb19
33b419c6-382c-4de1-b670-b76de53be887	2026-01-17	BOLETO	2d256f0b-93b7-45da-8587-c9d4d5ecdb19
feed724a-11de-4ade-a024-c3081758c84f	2026-02-17	BOLETO	2d256f0b-93b7-45da-8587-c9d4d5ecdb19
c00872f2-8858-47f0-91b6-4c39384437d5	2026-03-17	BOLETO	2d256f0b-93b7-45da-8587-c9d4d5ecdb19
9303491f-fc76-41f4-9dad-33953e912b2d	2025-04-17	BOLETO	61195a2e-0b1b-4996-a7b6-a11db5b9290a
9425d2a8-4513-4b28-951f-7f605ebc9878	2025-05-17	BOLETO	61195a2e-0b1b-4996-a7b6-a11db5b9290a
e5938fda-c46a-412c-9940-61b5ce61fa51	2025-06-17	BOLETO	61195a2e-0b1b-4996-a7b6-a11db5b9290a
5bd04161-63ac-435c-a1f8-1913d08239c7	2025-07-17	BOLETO	61195a2e-0b1b-4996-a7b6-a11db5b9290a
bcf1e165-427b-4299-be55-bd2d12cf9129	2025-08-17	BOLETO	61195a2e-0b1b-4996-a7b6-a11db5b9290a
0aa0a7e5-152d-4519-9eef-c0df89bd4f81	2025-09-17	BOLETO	61195a2e-0b1b-4996-a7b6-a11db5b9290a
37d5314e-6a96-4647-90cc-ffde8e6bdc30	2025-10-17	BOLETO	61195a2e-0b1b-4996-a7b6-a11db5b9290a
6308cbb2-8a08-46ee-9027-e75f62facc8c	2025-11-17	BOLETO	61195a2e-0b1b-4996-a7b6-a11db5b9290a
f74f6972-a684-4aa2-a743-dc2a43beaf7a	2025-12-17	BOLETO	61195a2e-0b1b-4996-a7b6-a11db5b9290a
669e4331-6fc1-4743-aac8-fb4154e2b584	2026-01-17	BOLETO	61195a2e-0b1b-4996-a7b6-a11db5b9290a
075f99fe-2535-4aa7-9435-08514ba06015	2026-02-17	BOLETO	61195a2e-0b1b-4996-a7b6-a11db5b9290a
ad66903f-0662-4da4-bc91-b10457f32dbd	2026-03-17	BOLETO	61195a2e-0b1b-4996-a7b6-a11db5b9290a
89a89580-4639-4146-81f6-d93facdf742e	2025-04-17	BOLETO	e6d6c8c7-d519-4123-aa3e-7a5fecfbea7a
a5a7dc05-9363-4270-8b85-35b911124b87	2025-05-17	BOLETO	e6d6c8c7-d519-4123-aa3e-7a5fecfbea7a
b1087bdb-a4dd-4be3-ae21-3d451ac291f4	2025-06-17	BOLETO	e6d6c8c7-d519-4123-aa3e-7a5fecfbea7a
cd970479-2ac5-4b4f-962f-202d6f6c4a7e	2025-07-17	BOLETO	e6d6c8c7-d519-4123-aa3e-7a5fecfbea7a
b10cf91c-69af-401b-8d45-ec1b844ef683	2025-08-17	BOLETO	e6d6c8c7-d519-4123-aa3e-7a5fecfbea7a
e9a1a21a-bfd9-402f-a228-22f16772c3f9	2025-09-17	BOLETO	e6d6c8c7-d519-4123-aa3e-7a5fecfbea7a
06a4c9b9-fcee-4329-9f60-d5c55db87bb8	2025-10-17	BOLETO	e6d6c8c7-d519-4123-aa3e-7a5fecfbea7a
18cee0ba-859b-423a-9988-10f86659040d	2025-11-17	BOLETO	e6d6c8c7-d519-4123-aa3e-7a5fecfbea7a
3a252920-0170-4ae6-938f-ab925f89a501	2025-12-17	BOLETO	e6d6c8c7-d519-4123-aa3e-7a5fecfbea7a
788e4dce-0bda-4179-bc5b-7cee5b5610d9	2026-01-17	BOLETO	e6d6c8c7-d519-4123-aa3e-7a5fecfbea7a
ec158444-9b49-493a-b25d-41113733ec05	2026-02-17	BOLETO	e6d6c8c7-d519-4123-aa3e-7a5fecfbea7a
8d64ee25-9413-4f57-bdf6-fd6b667d5815	2026-03-17	BOLETO	e6d6c8c7-d519-4123-aa3e-7a5fecfbea7a
67d4d266-272a-4ce8-a982-a54645a83245	2025-04-17	BOLETO	b7f3e53b-7aeb-4308-974d-13fe52363987
defab8c4-153f-411c-a9ad-579c216ca5b0	2025-05-17	BOLETO	b7f3e53b-7aeb-4308-974d-13fe52363987
1bcd92da-e90b-4a91-bc06-bc3fc0fe88c0	2025-06-17	BOLETO	b7f3e53b-7aeb-4308-974d-13fe52363987
c989f8c2-4689-467d-bec9-e121ecc071ec	2025-07-17	BOLETO	b7f3e53b-7aeb-4308-974d-13fe52363987
f3fe8099-15e5-41f0-9962-452583a5f872	2025-08-17	BOLETO	b7f3e53b-7aeb-4308-974d-13fe52363987
66a05974-397d-4d2e-a3a6-79b0837799f0	2025-09-17	BOLETO	b7f3e53b-7aeb-4308-974d-13fe52363987
50361a38-d35f-4eff-909f-2ec716e7f39a	2025-10-17	BOLETO	b7f3e53b-7aeb-4308-974d-13fe52363987
732d1676-a711-44c7-be67-a4c12a0f17db	2025-11-17	BOLETO	b7f3e53b-7aeb-4308-974d-13fe52363987
c94163c1-2179-434b-a0e5-1e63514b3a17	2025-12-17	BOLETO	b7f3e53b-7aeb-4308-974d-13fe52363987
a8ee0b61-592d-481d-909f-d30a6014144e	2026-01-17	BOLETO	b7f3e53b-7aeb-4308-974d-13fe52363987
935626db-0d35-485e-8532-b1c3f837415e	2026-02-17	BOLETO	b7f3e53b-7aeb-4308-974d-13fe52363987
a2a0ab90-9dfd-4a65-8fef-79589f44078e	2026-03-17	BOLETO	b7f3e53b-7aeb-4308-974d-13fe52363987
cdce13a1-d99a-41af-ad64-46220885481f	2025-04-17	BOLETO	25d7d90e-741e-43e7-b5a5-1e227e9e1754
30be745b-f34e-4913-92a2-ddd1bf484ad9	2025-05-17	BOLETO	25d7d90e-741e-43e7-b5a5-1e227e9e1754
8ce00295-7b81-4b01-884a-b55378a35ed5	2025-06-17	BOLETO	25d7d90e-741e-43e7-b5a5-1e227e9e1754
082925b4-7e34-408d-a175-f347baf8e68e	2025-07-17	BOLETO	25d7d90e-741e-43e7-b5a5-1e227e9e1754
1a209c32-b272-4fec-8fd4-e774e52f39b8	2025-08-17	BOLETO	25d7d90e-741e-43e7-b5a5-1e227e9e1754
8dfe1b85-2bbb-46ca-bdea-8bcb7618d886	2025-09-17	BOLETO	25d7d90e-741e-43e7-b5a5-1e227e9e1754
03d49f33-f28c-4ea7-b657-fdb3f4b59a9a	2025-10-17	BOLETO	25d7d90e-741e-43e7-b5a5-1e227e9e1754
cac36e35-412e-4b24-80b4-dc3bdf109ebb	2025-11-17	BOLETO	25d7d90e-741e-43e7-b5a5-1e227e9e1754
f935a85e-6b27-4c12-becb-1abecc3a0112	2025-12-17	BOLETO	25d7d90e-741e-43e7-b5a5-1e227e9e1754
643e0afc-aa96-4736-8612-2bc0df996b71	2026-01-17	BOLETO	25d7d90e-741e-43e7-b5a5-1e227e9e1754
bb362f2f-77ea-4a27-b60e-c9f330e817bb	2026-02-17	BOLETO	25d7d90e-741e-43e7-b5a5-1e227e9e1754
6d3d1d34-ea81-4f2a-9156-6352a332f18d	2026-03-17	BOLETO	25d7d90e-741e-43e7-b5a5-1e227e9e1754
b6afd8da-ae15-4efa-b6f0-21acd7143548	2025-04-17	BOLETO	ba677583-1c51-432a-9e83-4b53eec030bb
33ac99a5-e679-4b97-972e-8e9b69c70da7	2025-05-17	BOLETO	ba677583-1c51-432a-9e83-4b53eec030bb
a1ca0392-c36c-4420-9635-7b5e32861bc7	2025-06-17	BOLETO	ba677583-1c51-432a-9e83-4b53eec030bb
29df4ce9-302e-45dd-a27f-4648db0a6424	2025-07-17	BOLETO	ba677583-1c51-432a-9e83-4b53eec030bb
c9f9a761-9b88-4228-aea4-ff688d239acf	2025-08-17	BOLETO	ba677583-1c51-432a-9e83-4b53eec030bb
7a3ca8a0-b1b0-4f29-94c8-c812fae96e8b	2025-09-17	BOLETO	ba677583-1c51-432a-9e83-4b53eec030bb
4a680c8b-41ba-4c76-9dc7-a65cf83a9fa0	2025-10-17	BOLETO	ba677583-1c51-432a-9e83-4b53eec030bb
1362717c-bff6-413e-babd-7b0aae733194	2025-11-17	BOLETO	ba677583-1c51-432a-9e83-4b53eec030bb
ca001c91-3ded-4a89-84d9-fa3ad2d8b483	2025-12-17	BOLETO	ba677583-1c51-432a-9e83-4b53eec030bb
f6a44587-e046-47c4-b184-d6ff68e8a445	2026-01-17	BOLETO	ba677583-1c51-432a-9e83-4b53eec030bb
a0b6ab6a-7465-4887-b798-20ebedf43a0f	2026-02-17	BOLETO	ba677583-1c51-432a-9e83-4b53eec030bb
ad528657-437a-4fb1-8ac6-6eaae2335376	2026-03-17	BOLETO	ba677583-1c51-432a-9e83-4b53eec030bb
3e92eb98-aac1-4383-b854-c72b235107c2	2025-04-17	BOLETO	e45eac69-5c44-48f4-877f-7f2ef5155f0c
a44b2e59-65f9-4b98-8446-a79163b71a79	2025-05-17	BOLETO	e45eac69-5c44-48f4-877f-7f2ef5155f0c
95d49f69-ae1a-49e8-a3e3-44a49fe0ac09	2025-06-17	BOLETO	e45eac69-5c44-48f4-877f-7f2ef5155f0c
9975c90b-8653-4b45-9bd0-1e8df57f63bf	2025-07-17	BOLETO	e45eac69-5c44-48f4-877f-7f2ef5155f0c
cd7f5c7f-06a0-4925-ba27-4bed33c75de8	2025-08-17	BOLETO	e45eac69-5c44-48f4-877f-7f2ef5155f0c
edbd0914-84af-4fb1-a0e5-840c7e6bbf4c	2025-09-17	BOLETO	e45eac69-5c44-48f4-877f-7f2ef5155f0c
319fd4d4-1ac5-433c-a5a5-362eee6d5a3d	2025-10-17	BOLETO	e45eac69-5c44-48f4-877f-7f2ef5155f0c
9c7b7fe4-ce7f-4c4c-b60c-bf120209f6b0	2025-11-17	BOLETO	e45eac69-5c44-48f4-877f-7f2ef5155f0c
8410b5b9-5a62-4700-a4a8-5e377802b102	2025-12-17	BOLETO	e45eac69-5c44-48f4-877f-7f2ef5155f0c
5aa035db-c1c8-4a56-a525-90eb5b288077	2026-01-17	BOLETO	e45eac69-5c44-48f4-877f-7f2ef5155f0c
2d03aaa4-701f-44ef-98fd-2fb0eaa17344	2026-02-17	BOLETO	e45eac69-5c44-48f4-877f-7f2ef5155f0c
1fd98db1-a2b5-4c09-a335-54b0cb581e12	2026-03-17	BOLETO	e45eac69-5c44-48f4-877f-7f2ef5155f0c
29142eea-4730-4629-a52d-66503e8a7722	2025-04-17	BOLETO	428c941d-0e67-4cfd-8bb6-ad60827d191e
0435c056-3ce9-4f6b-83da-13d23622de97	2025-05-17	BOLETO	428c941d-0e67-4cfd-8bb6-ad60827d191e
9be3ea93-3f3e-4094-9043-f4925f0fe6b9	2025-06-17	BOLETO	428c941d-0e67-4cfd-8bb6-ad60827d191e
cb407747-3155-42ff-b11a-eab1c2102f3d	2025-07-17	BOLETO	428c941d-0e67-4cfd-8bb6-ad60827d191e
90a25159-145c-48f7-a872-8e0608550411	2025-08-17	BOLETO	428c941d-0e67-4cfd-8bb6-ad60827d191e
1bc51b9e-b0cc-4f82-a1c6-a04a4371c9cf	2025-09-17	BOLETO	428c941d-0e67-4cfd-8bb6-ad60827d191e
2f874fc2-15b9-42d9-b2a1-44216df2a9f4	2025-10-17	BOLETO	428c941d-0e67-4cfd-8bb6-ad60827d191e
c0123423-bfd2-4892-93f1-933f4609ba07	2025-11-17	BOLETO	428c941d-0e67-4cfd-8bb6-ad60827d191e
fc4c3fe9-3ad7-4b97-8216-fd505eb54200	2025-12-17	BOLETO	428c941d-0e67-4cfd-8bb6-ad60827d191e
3c701357-1c34-4b75-acf2-ff850e22ade9	2026-01-17	BOLETO	428c941d-0e67-4cfd-8bb6-ad60827d191e
937b9ef4-46a5-4e03-beb2-a3925671deb7	2026-02-17	BOLETO	428c941d-0e67-4cfd-8bb6-ad60827d191e
061d7c87-5454-4a6d-872a-ba84123d44c5	2026-03-17	BOLETO	428c941d-0e67-4cfd-8bb6-ad60827d191e
4f0a8f12-3e6b-4b77-8496-589366e7e6f8	2025-04-17	BOLETO	7de4a1e6-b174-41c0-b1c0-c34a8fffa6a4
8521ba3d-142a-4e04-ae84-4f7d66608b33	2025-05-17	BOLETO	7de4a1e6-b174-41c0-b1c0-c34a8fffa6a4
0a4dab6a-6620-42fb-bab1-5fca4a69ae30	2025-06-17	BOLETO	7de4a1e6-b174-41c0-b1c0-c34a8fffa6a4
1e85dad4-a127-40c1-ab20-e77ff968a65e	2025-07-17	BOLETO	7de4a1e6-b174-41c0-b1c0-c34a8fffa6a4
29f7b2ae-3048-4ae9-9132-96ff4cb6abc1	2025-08-17	BOLETO	7de4a1e6-b174-41c0-b1c0-c34a8fffa6a4
a17d66c7-da91-415f-8c61-b2eb877fa04c	2025-09-17	BOLETO	7de4a1e6-b174-41c0-b1c0-c34a8fffa6a4
1935c050-5770-42a3-935e-f7f954db973b	2025-10-17	BOLETO	7de4a1e6-b174-41c0-b1c0-c34a8fffa6a4
c32b42b6-862c-4e6c-a8a7-77b2f00650f5	2025-11-17	BOLETO	7de4a1e6-b174-41c0-b1c0-c34a8fffa6a4
adbed305-43df-488a-a583-510443640d1b	2025-12-17	BOLETO	7de4a1e6-b174-41c0-b1c0-c34a8fffa6a4
01ed52c5-02a2-4f61-b096-959281d1621f	2026-01-17	BOLETO	7de4a1e6-b174-41c0-b1c0-c34a8fffa6a4
32f1fdae-3980-47a1-8f0c-90ca1b393f57	2026-02-17	BOLETO	7de4a1e6-b174-41c0-b1c0-c34a8fffa6a4
7e8ba8fd-6bb2-4980-946c-2f5d903d9f0d	2026-03-17	BOLETO	7de4a1e6-b174-41c0-b1c0-c34a8fffa6a4
e01cb202-d25d-4085-af8f-945fc6455d34	2025-04-17	BOLETO	1697de2b-7aa3-47b7-b21f-0b7c971befd6
215864f9-f2c5-46e3-aad9-c80f367e69ce	2025-05-17	BOLETO	1697de2b-7aa3-47b7-b21f-0b7c971befd6
c519159f-c8e3-4f5d-af5f-a514dd556c0f	2025-06-17	BOLETO	1697de2b-7aa3-47b7-b21f-0b7c971befd6
8cbbd787-e558-4f35-8e0d-f73fff7cc774	2025-07-17	BOLETO	1697de2b-7aa3-47b7-b21f-0b7c971befd6
199172ab-d93a-4d67-b46e-c399d674920b	2025-08-17	BOLETO	1697de2b-7aa3-47b7-b21f-0b7c971befd6
a2c177d7-edb1-48cf-8004-b158ed203252	2025-09-17	BOLETO	1697de2b-7aa3-47b7-b21f-0b7c971befd6
4c684121-f67c-42af-b228-219e72127585	2025-10-17	BOLETO	1697de2b-7aa3-47b7-b21f-0b7c971befd6
c8397713-0190-44b6-ab6c-8fed1e380b55	2025-11-17	BOLETO	1697de2b-7aa3-47b7-b21f-0b7c971befd6
8a8d1eb7-d699-413b-afe7-cc1a533ee9d9	2025-12-17	BOLETO	1697de2b-7aa3-47b7-b21f-0b7c971befd6
59a90cca-8464-4387-be07-8d0fcb4f6e95	2026-01-17	BOLETO	1697de2b-7aa3-47b7-b21f-0b7c971befd6
2836a444-9dca-4925-ab0b-8a9d13aec9de	2026-02-17	BOLETO	1697de2b-7aa3-47b7-b21f-0b7c971befd6
fcb65f02-574a-4ce5-8d7e-df70b880b677	2026-03-17	BOLETO	1697de2b-7aa3-47b7-b21f-0b7c971befd6
8504d20d-f1e6-4117-9608-aece1b46d1ad	2025-04-17	BOLETO	a7163f96-8d7c-4d37-ad79-2de982f52f88
3cb6e437-f149-4fbc-a871-70cbd670bd05	2025-05-17	BOLETO	a7163f96-8d7c-4d37-ad79-2de982f52f88
778ba810-1497-4328-8afa-4f0208e12b99	2025-06-17	BOLETO	a7163f96-8d7c-4d37-ad79-2de982f52f88
03ab2dc0-1fc0-4178-ae05-3b7be607458e	2025-07-17	BOLETO	a7163f96-8d7c-4d37-ad79-2de982f52f88
3ed760e5-11a2-43a0-b22d-c445a3862ea1	2025-08-17	BOLETO	a7163f96-8d7c-4d37-ad79-2de982f52f88
e12f05a8-9ad7-4773-98d6-46aa5b05e303	2025-09-17	BOLETO	a7163f96-8d7c-4d37-ad79-2de982f52f88
063435ec-bc8e-49bc-a797-6756b1de2770	2025-10-17	BOLETO	a7163f96-8d7c-4d37-ad79-2de982f52f88
319511dc-a5db-4aa5-96b0-4b63b14ac09a	2025-11-17	BOLETO	a7163f96-8d7c-4d37-ad79-2de982f52f88
cdd7c092-160a-4cda-b3df-040e9a40ea90	2025-12-17	BOLETO	a7163f96-8d7c-4d37-ad79-2de982f52f88
9b759e57-b02b-4535-9b8c-bf84fc051e1b	2026-01-17	BOLETO	a7163f96-8d7c-4d37-ad79-2de982f52f88
9f4b3ca0-8bd0-4109-87ec-ed0957bae897	2026-02-17	BOLETO	a7163f96-8d7c-4d37-ad79-2de982f52f88
3a40c72f-9d02-4634-b86c-faf98727cd2d	2026-03-17	BOLETO	a7163f96-8d7c-4d37-ad79-2de982f52f88
292fb8b3-bcb5-4bee-b374-6ce743ec1323	2025-04-17	BOLETO	93d7c13a-31b7-4bb0-9f9f-ef911e98a0ed
246797ab-d74b-4a96-85e0-ad35e579e79e	2025-05-17	BOLETO	93d7c13a-31b7-4bb0-9f9f-ef911e98a0ed
90e4b9bf-b076-432b-8105-d66a699ebba6	2025-06-17	BOLETO	93d7c13a-31b7-4bb0-9f9f-ef911e98a0ed
76905cf6-605c-46e2-a9ad-b02f32266fbe	2025-07-17	BOLETO	93d7c13a-31b7-4bb0-9f9f-ef911e98a0ed
6de772b8-40df-4372-9ef6-905b3561ad99	2025-08-17	BOLETO	93d7c13a-31b7-4bb0-9f9f-ef911e98a0ed
9cdf080a-ffe1-4bb6-a851-cd172b7b1e80	2025-09-17	BOLETO	93d7c13a-31b7-4bb0-9f9f-ef911e98a0ed
a15c3aaf-6ebc-4749-91ec-7f88c2559824	2025-10-17	BOLETO	93d7c13a-31b7-4bb0-9f9f-ef911e98a0ed
439bc6fa-6992-41e9-aef2-f6072973a24f	2025-11-17	BOLETO	93d7c13a-31b7-4bb0-9f9f-ef911e98a0ed
a99d6820-2437-4047-a789-0ab002a7e8b8	2025-12-17	BOLETO	93d7c13a-31b7-4bb0-9f9f-ef911e98a0ed
b9621849-7579-42e8-9790-a80ec5d82f3a	2026-01-17	BOLETO	93d7c13a-31b7-4bb0-9f9f-ef911e98a0ed
c7b867d2-4766-49f4-acd5-bf2f78cb85fe	2026-02-17	BOLETO	93d7c13a-31b7-4bb0-9f9f-ef911e98a0ed
0e1c9e31-022a-449b-bd7c-62affb4db133	2026-03-17	BOLETO	93d7c13a-31b7-4bb0-9f9f-ef911e98a0ed
4d40806b-968d-4f0b-b314-30d92076d571	2025-04-17	BOLETO	56dae32a-20ef-4210-b63d-7f21d31b9e6f
eadcc940-dfd9-480c-8860-05dd4e943367	2025-05-17	BOLETO	56dae32a-20ef-4210-b63d-7f21d31b9e6f
277d4f2d-fc82-4180-9166-3b1e8ad5efe1	2025-06-17	BOLETO	56dae32a-20ef-4210-b63d-7f21d31b9e6f
9e43cbe8-eb27-470a-8bcf-f0af355d668f	2025-07-17	BOLETO	56dae32a-20ef-4210-b63d-7f21d31b9e6f
b99b230f-5508-49ea-aea4-0f338c972a32	2025-08-17	BOLETO	56dae32a-20ef-4210-b63d-7f21d31b9e6f
9c2e95b9-ad85-4a99-9c54-a77182adbdd8	2025-09-17	BOLETO	56dae32a-20ef-4210-b63d-7f21d31b9e6f
02b5ccf2-316c-46b7-8637-1d1fa183f455	2025-10-17	BOLETO	56dae32a-20ef-4210-b63d-7f21d31b9e6f
5c8cd206-02c0-45c3-b5a2-9c074f91f719	2025-11-17	BOLETO	56dae32a-20ef-4210-b63d-7f21d31b9e6f
a989e44f-2475-4416-b5ad-2a876712fe4b	2025-12-17	BOLETO	56dae32a-20ef-4210-b63d-7f21d31b9e6f
ab2f492c-dafd-4c49-8ba5-04902ef7b208	2026-01-17	BOLETO	56dae32a-20ef-4210-b63d-7f21d31b9e6f
a81645fc-fa7e-466c-b723-d56bf23353b6	2026-02-17	BOLETO	56dae32a-20ef-4210-b63d-7f21d31b9e6f
679c2754-70d4-41af-9a9c-ba674f292f1b	2026-03-17	BOLETO	56dae32a-20ef-4210-b63d-7f21d31b9e6f
93b7adf4-c52d-414e-9a22-5cac7279812c	2025-04-17	BOLETO	8e7598f5-79c4-4a17-aed8-23cd7481edc9
7e4d5196-b11d-47e3-a782-c5c1f12f7857	2025-05-17	BOLETO	8e7598f5-79c4-4a17-aed8-23cd7481edc9
84875716-804d-4d14-894d-651d055ea3de	2025-06-17	BOLETO	8e7598f5-79c4-4a17-aed8-23cd7481edc9
bc9d3144-86a3-41e5-9340-1070fecc9653	2025-07-17	BOLETO	8e7598f5-79c4-4a17-aed8-23cd7481edc9
71a8b82f-6685-478a-a432-6b37beb1b96f	2025-08-17	BOLETO	8e7598f5-79c4-4a17-aed8-23cd7481edc9
698edafa-2f95-4227-b8d7-22e3e52a5db2	2025-09-17	BOLETO	8e7598f5-79c4-4a17-aed8-23cd7481edc9
4130e735-4394-4c8a-98ea-1a7751c65587	2025-10-17	BOLETO	8e7598f5-79c4-4a17-aed8-23cd7481edc9
3873e1e3-bb9e-456e-8f9a-cd1ee98ff05c	2025-11-17	BOLETO	8e7598f5-79c4-4a17-aed8-23cd7481edc9
c8aa3085-cfb8-4334-8e3a-924ae16cdc78	2025-12-17	BOLETO	8e7598f5-79c4-4a17-aed8-23cd7481edc9
6dfad51d-0430-48ee-b7bd-0a4ab641fbb8	2026-01-17	BOLETO	8e7598f5-79c4-4a17-aed8-23cd7481edc9
97b0332c-fdfd-4ca8-98e5-d8392c29f224	2026-02-17	BOLETO	8e7598f5-79c4-4a17-aed8-23cd7481edc9
ccc497b5-8116-45b3-9b09-5b471f10e1c9	2026-03-17	BOLETO	8e7598f5-79c4-4a17-aed8-23cd7481edc9
c27759ae-ed90-4559-a09b-3de79ea9db18	2025-04-17	BOLETO	4e2ad880-0c90-45b8-873f-81b26076d028
3773b21a-6cf7-49cb-aa4e-16bd6b706d5f	2025-05-17	BOLETO	4e2ad880-0c90-45b8-873f-81b26076d028
6d74a27e-763a-45b6-bdf4-bca2f41753d5	2025-06-17	BOLETO	4e2ad880-0c90-45b8-873f-81b26076d028
1bc23827-09a7-441a-883e-976049b745e4	2025-07-17	BOLETO	4e2ad880-0c90-45b8-873f-81b26076d028
356b673d-8a98-4144-8cdf-845a0c2178c9	2025-08-17	BOLETO	4e2ad880-0c90-45b8-873f-81b26076d028
3daa0078-aa21-4702-ab3b-98f130af2c8d	2025-09-17	BOLETO	4e2ad880-0c90-45b8-873f-81b26076d028
ef2d9def-20ba-47eb-855b-ff27329fbd70	2025-10-17	BOLETO	4e2ad880-0c90-45b8-873f-81b26076d028
0b4acb37-07ab-4c9a-84c5-377f802f7730	2025-11-17	BOLETO	4e2ad880-0c90-45b8-873f-81b26076d028
24b4f492-7bec-40bf-a7e2-278cf9f8eaba	2025-12-17	BOLETO	4e2ad880-0c90-45b8-873f-81b26076d028
cdb1a630-2806-4c7b-890f-13efac64bc2e	2026-01-17	BOLETO	4e2ad880-0c90-45b8-873f-81b26076d028
291c226b-deeb-48ee-82a2-ca71c67abaf6	2026-02-17	BOLETO	4e2ad880-0c90-45b8-873f-81b26076d028
4af1c7fc-5f0e-4fc7-8906-a3332aef45ca	2026-03-17	BOLETO	4e2ad880-0c90-45b8-873f-81b26076d028
95b481fb-ccf6-420e-9a7b-8326ea8e644e	2025-04-17	BOLETO	af09d2c6-d82f-4dfc-873d-7468b2669b4e
a2be6b50-e8f5-4199-9758-4183caeb73ff	2025-05-17	BOLETO	af09d2c6-d82f-4dfc-873d-7468b2669b4e
66ee4796-d307-4b75-bd58-22496d1fa635	2025-06-17	BOLETO	af09d2c6-d82f-4dfc-873d-7468b2669b4e
1b4c5661-4ec3-4ed7-b461-b86d7e1e6ed7	2025-07-17	BOLETO	af09d2c6-d82f-4dfc-873d-7468b2669b4e
a6f3c5ce-a00d-4ced-8a78-f9278c8bfdbd	2025-08-17	BOLETO	af09d2c6-d82f-4dfc-873d-7468b2669b4e
72a8ba7d-819a-4caf-9948-b9676ecf3f52	2025-09-17	BOLETO	af09d2c6-d82f-4dfc-873d-7468b2669b4e
d48802bb-ec03-4154-bcda-6e0237dfbbcd	2025-10-17	BOLETO	af09d2c6-d82f-4dfc-873d-7468b2669b4e
653bea86-97f4-4e81-a4de-ed911d10c91c	2025-11-17	BOLETO	af09d2c6-d82f-4dfc-873d-7468b2669b4e
7ca9f514-54b7-4883-a021-853194d3aa11	2025-12-17	BOLETO	af09d2c6-d82f-4dfc-873d-7468b2669b4e
dc1f95ff-f8e3-4923-8ede-586c4657db66	2026-01-17	BOLETO	af09d2c6-d82f-4dfc-873d-7468b2669b4e
b7ababca-1b0b-4991-97fa-86c7518f20ca	2026-02-17	BOLETO	af09d2c6-d82f-4dfc-873d-7468b2669b4e
19f1eac4-b619-4600-8a57-a6e1e73a2f6f	2026-03-17	BOLETO	af09d2c6-d82f-4dfc-873d-7468b2669b4e
c980e9b2-eabe-4839-adfc-55b8aba8c9cb	2025-04-17	BOLETO	6aaecf0f-7220-45c6-8720-2381fa185f72
9cad1b3d-1119-4562-b09d-3749b4bf292b	2025-05-17	BOLETO	6aaecf0f-7220-45c6-8720-2381fa185f72
c82f54d4-28b8-477c-93ac-6cdb42088352	2025-06-17	BOLETO	6aaecf0f-7220-45c6-8720-2381fa185f72
21381eb6-8ad0-43fb-bfaf-c15145779d94	2025-07-17	BOLETO	6aaecf0f-7220-45c6-8720-2381fa185f72
55c91be3-df11-437c-9792-1829d86982f0	2025-08-17	BOLETO	6aaecf0f-7220-45c6-8720-2381fa185f72
ece2fb62-46ac-4c2a-a551-fa5c9b970ff6	2025-09-17	BOLETO	6aaecf0f-7220-45c6-8720-2381fa185f72
6afd1d88-465a-4331-a969-007a3369a658	2025-10-17	BOLETO	6aaecf0f-7220-45c6-8720-2381fa185f72
54588592-910e-4d1b-b291-bc44ad8652e3	2025-11-17	BOLETO	6aaecf0f-7220-45c6-8720-2381fa185f72
2a09ea11-f910-40b6-bca6-180732b98a6e	2025-12-17	BOLETO	6aaecf0f-7220-45c6-8720-2381fa185f72
78385878-7a96-4bbc-a69e-0cc9cbc3a013	2026-01-17	BOLETO	6aaecf0f-7220-45c6-8720-2381fa185f72
c0404c8b-fd71-4bf0-b54f-8a059e1f08b7	2026-02-17	BOLETO	6aaecf0f-7220-45c6-8720-2381fa185f72
c8732b7d-b207-49ad-ba3b-8fecc658b0c9	2026-03-17	BOLETO	6aaecf0f-7220-45c6-8720-2381fa185f72
7b82042d-2e03-4efe-9e57-90ebf4fe8350	2025-04-17	BOLETO	49ff031c-e2a1-446a-9923-42459dcfd87f
eeb94b2d-0909-4054-ad25-54794d79df8a	2025-05-17	BOLETO	49ff031c-e2a1-446a-9923-42459dcfd87f
f2925c88-f5c0-40da-8a8e-e71aa817af8f	2025-06-17	BOLETO	49ff031c-e2a1-446a-9923-42459dcfd87f
f9f29840-30b1-407c-aec0-fe63b1c9d266	2025-07-17	BOLETO	49ff031c-e2a1-446a-9923-42459dcfd87f
4410959b-685e-4f30-87cb-f19b6efed346	2025-08-17	BOLETO	49ff031c-e2a1-446a-9923-42459dcfd87f
912d8663-1a03-41f9-a4a8-627cd754efbf	2025-09-17	BOLETO	49ff031c-e2a1-446a-9923-42459dcfd87f
40c006c6-6a77-4194-92bc-cc6cccccbfad	2025-10-17	BOLETO	49ff031c-e2a1-446a-9923-42459dcfd87f
ec2c0ff1-2e6b-49b1-9d16-9256ad8b237b	2025-11-17	BOLETO	49ff031c-e2a1-446a-9923-42459dcfd87f
ab9c02f5-cf63-4e26-a9d8-a5bc54c52d72	2025-12-17	BOLETO	49ff031c-e2a1-446a-9923-42459dcfd87f
9cd817b2-4069-4592-91e3-51c0020dd735	2026-01-17	BOLETO	49ff031c-e2a1-446a-9923-42459dcfd87f
08474a76-8b48-43ae-ade1-901d85d28cb2	2026-02-17	BOLETO	49ff031c-e2a1-446a-9923-42459dcfd87f
846ca83f-642d-4701-94d5-b809f56a5bab	2026-03-17	BOLETO	49ff031c-e2a1-446a-9923-42459dcfd87f
4f461921-297c-4c07-93a4-05e905d8e825	2025-04-17	BOLETO	a45f7ee0-60a7-47e2-8245-a8fcc0f59ef4
761a5c55-8336-4799-a7f3-5306174b625b	2025-05-17	BOLETO	a45f7ee0-60a7-47e2-8245-a8fcc0f59ef4
af4469f2-d1c1-40d3-9e34-a3e810299040	2025-06-17	BOLETO	a45f7ee0-60a7-47e2-8245-a8fcc0f59ef4
ce77fdc7-f6eb-483f-9d59-fb66a34fa2a6	2025-07-17	BOLETO	a45f7ee0-60a7-47e2-8245-a8fcc0f59ef4
d4b23563-a2d2-4ca5-a939-63c1149df556	2025-08-17	BOLETO	a45f7ee0-60a7-47e2-8245-a8fcc0f59ef4
85d9b261-7f57-4386-8371-e7c5b4a1c835	2025-09-17	BOLETO	a45f7ee0-60a7-47e2-8245-a8fcc0f59ef4
4afa8389-f906-47dd-8df5-de0786c752ab	2025-10-17	BOLETO	a45f7ee0-60a7-47e2-8245-a8fcc0f59ef4
d373527b-3da4-4bbe-aefa-96b650fc453c	2025-11-17	BOLETO	a45f7ee0-60a7-47e2-8245-a8fcc0f59ef4
e7cb64e1-5e72-4bbd-b536-0696164c4da7	2025-12-17	BOLETO	a45f7ee0-60a7-47e2-8245-a8fcc0f59ef4
c3e34431-a498-4307-b07b-01023e8bb1a4	2026-01-17	BOLETO	a45f7ee0-60a7-47e2-8245-a8fcc0f59ef4
620659b2-b895-4405-beb2-af4614f5d018	2026-02-17	BOLETO	a45f7ee0-60a7-47e2-8245-a8fcc0f59ef4
c1228d39-e15d-4f60-94f6-2141c73c2f2e	2026-03-17	BOLETO	a45f7ee0-60a7-47e2-8245-a8fcc0f59ef4
d7640571-7de8-4a19-b051-72025e617f70	2025-04-17	BOLETO	63997aa5-1a20-4254-941f-62b43bb4c76f
0c32aab7-23c8-4bb2-8db7-a182928b60b8	2025-05-17	BOLETO	63997aa5-1a20-4254-941f-62b43bb4c76f
abb54ffb-4d68-4dcc-b522-0391eed478ed	2025-06-17	BOLETO	63997aa5-1a20-4254-941f-62b43bb4c76f
8227df24-cd42-48ce-9253-ca957735220d	2025-07-17	BOLETO	63997aa5-1a20-4254-941f-62b43bb4c76f
2f986ad9-4988-4580-a531-1b29b604050b	2025-08-17	BOLETO	63997aa5-1a20-4254-941f-62b43bb4c76f
adf26161-3fa4-4c91-8d23-55514bbdf178	2025-09-17	BOLETO	63997aa5-1a20-4254-941f-62b43bb4c76f
a1ab77a9-1d2d-45dd-bf71-2c4d99bc98b4	2025-10-17	BOLETO	63997aa5-1a20-4254-941f-62b43bb4c76f
295edcb0-f65b-4859-91e5-eaf9a608baeb	2025-11-17	BOLETO	63997aa5-1a20-4254-941f-62b43bb4c76f
66059f80-5d13-41fd-98d5-fca834c60ed1	2025-12-17	BOLETO	63997aa5-1a20-4254-941f-62b43bb4c76f
88e6e396-b9f3-4c0c-99fe-4b98389f9fc3	2026-01-17	BOLETO	63997aa5-1a20-4254-941f-62b43bb4c76f
ca841fc1-f48d-4717-a2f2-82f1edee1ecf	2026-02-17	BOLETO	63997aa5-1a20-4254-941f-62b43bb4c76f
787e2e79-106c-4efd-a3c7-dd0f38ea2f5c	2026-03-17	BOLETO	63997aa5-1a20-4254-941f-62b43bb4c76f
977efd9c-9e8b-4bb7-8768-f3798e5ac0cf	2025-04-17	BOLETO	33a1475b-47be-459f-b654-11ec50640335
037f87f1-065b-4a14-8de4-a2cf12137503	2025-05-17	BOLETO	33a1475b-47be-459f-b654-11ec50640335
3e27257b-33dc-4a49-84fe-78d9d8ef8b05	2025-06-17	BOLETO	33a1475b-47be-459f-b654-11ec50640335
3801fe80-8ef3-4868-b8e5-9cdaea7c48f3	2025-07-17	BOLETO	33a1475b-47be-459f-b654-11ec50640335
ebe50e59-772c-4582-ab58-2055d6064c6a	2025-08-17	BOLETO	33a1475b-47be-459f-b654-11ec50640335
0a59e5a9-6441-40fd-8e53-ab352ae08396	2025-09-17	BOLETO	33a1475b-47be-459f-b654-11ec50640335
317e0aac-145c-4b63-a67e-2f227e6a5d8d	2025-10-17	BOLETO	33a1475b-47be-459f-b654-11ec50640335
9f0d6092-5211-45ce-9520-e12d0c8d2b43	2025-11-17	BOLETO	33a1475b-47be-459f-b654-11ec50640335
43d915c5-ab50-4321-acbf-eb67b9be4ab5	2025-12-17	BOLETO	33a1475b-47be-459f-b654-11ec50640335
5e40f34e-cae4-4386-ab66-2cc064d89a36	2026-01-17	BOLETO	33a1475b-47be-459f-b654-11ec50640335
4e1aa2cd-c7b7-47b9-ad52-fddae90beae7	2026-02-17	BOLETO	33a1475b-47be-459f-b654-11ec50640335
14fd6501-6dbd-4f00-9fce-af7d4c33ddf9	2026-03-17	BOLETO	33a1475b-47be-459f-b654-11ec50640335
c31d24ab-7bad-4072-ba97-b508c2fa5c87	2025-04-17	BOLETO	4c0d79d4-0e0b-4602-83be-4642c6b8b7b9
91e231e6-73bb-4cdc-90cb-c5caa6772148	2025-05-17	BOLETO	4c0d79d4-0e0b-4602-83be-4642c6b8b7b9
5f9f88a1-66da-4489-9cdc-ef04e3a6baca	2025-06-17	BOLETO	4c0d79d4-0e0b-4602-83be-4642c6b8b7b9
408d25dc-6fa7-404d-83bc-3de88e537b3a	2025-07-17	BOLETO	4c0d79d4-0e0b-4602-83be-4642c6b8b7b9
ddd3a9a8-82dd-4844-b16e-9f643754100b	2025-08-17	BOLETO	4c0d79d4-0e0b-4602-83be-4642c6b8b7b9
6ec495dc-64e9-41ef-98a0-8773b174bbb5	2025-09-17	BOLETO	4c0d79d4-0e0b-4602-83be-4642c6b8b7b9
86c59f4b-6587-4136-85de-71b57ce246a2	2025-10-17	BOLETO	4c0d79d4-0e0b-4602-83be-4642c6b8b7b9
d5e6ad97-eabf-49cf-973d-4ce4b1601bbc	2025-11-17	BOLETO	4c0d79d4-0e0b-4602-83be-4642c6b8b7b9
732d2930-a34a-40a8-a3b6-169c66cba94b	2025-12-17	BOLETO	4c0d79d4-0e0b-4602-83be-4642c6b8b7b9
d5373d3d-ae67-40a2-9f6a-e6597900b46c	2026-01-17	BOLETO	4c0d79d4-0e0b-4602-83be-4642c6b8b7b9
93ee6745-ec54-4ddc-8297-b13e6aed5b68	2026-02-17	BOLETO	4c0d79d4-0e0b-4602-83be-4642c6b8b7b9
f280ae80-76c8-4ef6-962b-d7f64466e620	2026-03-17	BOLETO	4c0d79d4-0e0b-4602-83be-4642c6b8b7b9
123d8853-cadc-422b-b3c0-ffb005335972	2025-04-17	BOLETO	eb605370-4c13-481b-8440-68f109f7c008
509c8ce9-c7d6-4135-a400-6b025b84de4e	2025-05-17	BOLETO	eb605370-4c13-481b-8440-68f109f7c008
79652e6d-d9dd-4085-91f0-c982b45b4017	2025-06-17	BOLETO	eb605370-4c13-481b-8440-68f109f7c008
8f034ab4-31c5-4f69-b7ca-364cda7d72d0	2025-07-17	BOLETO	eb605370-4c13-481b-8440-68f109f7c008
21bc9691-9e9e-4b02-985f-393b6ac1b04c	2025-08-17	BOLETO	eb605370-4c13-481b-8440-68f109f7c008
0943d1c3-0799-475d-9f89-548ae38a6576	2025-09-17	BOLETO	eb605370-4c13-481b-8440-68f109f7c008
abcdf363-4349-4214-acc2-c8461e4ff50d	2025-10-17	BOLETO	eb605370-4c13-481b-8440-68f109f7c008
10287055-e430-43a2-940f-088792d98209	2025-11-17	BOLETO	eb605370-4c13-481b-8440-68f109f7c008
3e22dacd-3730-4d33-a5fb-72421e647906	2025-12-17	BOLETO	eb605370-4c13-481b-8440-68f109f7c008
50bd55f9-0f44-4c10-bc93-8507f9ea43a6	2026-01-17	BOLETO	eb605370-4c13-481b-8440-68f109f7c008
7002a5af-3507-4585-9acb-a2f97ae12adc	2026-02-17	BOLETO	eb605370-4c13-481b-8440-68f109f7c008
93b8332c-ab13-4aee-9907-acb3b8aab2b9	2026-03-17	BOLETO	eb605370-4c13-481b-8440-68f109f7c008
ee6352ea-379c-4dc1-ba74-01ba6bec4cf6	2025-04-17	BOLETO	4bbf6df2-aee7-43fb-ae7e-3170329ad27f
c3ec178f-9155-4852-86a6-a10beb9b9adf	2025-05-17	BOLETO	4bbf6df2-aee7-43fb-ae7e-3170329ad27f
cd0e81bd-8bc7-4854-b0cd-55948de6ac97	2025-06-17	BOLETO	4bbf6df2-aee7-43fb-ae7e-3170329ad27f
4aafc548-ee03-41aa-87d7-8cee7a592912	2025-07-17	BOLETO	4bbf6df2-aee7-43fb-ae7e-3170329ad27f
19d1df83-3590-4d03-8c2e-5a44847745dd	2025-08-17	BOLETO	4bbf6df2-aee7-43fb-ae7e-3170329ad27f
2f1636c4-e9f6-460a-8af9-1e9cb2611355	2025-09-17	BOLETO	4bbf6df2-aee7-43fb-ae7e-3170329ad27f
adf9cace-27b3-4081-a836-eff60c6300c5	2025-10-17	BOLETO	4bbf6df2-aee7-43fb-ae7e-3170329ad27f
93b5f2db-7798-4fc9-9291-616a461b25cc	2025-11-17	BOLETO	4bbf6df2-aee7-43fb-ae7e-3170329ad27f
c621e919-47bf-4781-bd85-7d192ec6fd53	2025-12-17	BOLETO	4bbf6df2-aee7-43fb-ae7e-3170329ad27f
075ca972-e221-46f3-85ae-06925a21232e	2026-01-17	BOLETO	4bbf6df2-aee7-43fb-ae7e-3170329ad27f
e58a3bce-1349-429f-a9c4-f7fc78d0c488	2026-02-17	BOLETO	4bbf6df2-aee7-43fb-ae7e-3170329ad27f
355f8f1b-e4dd-40f7-a349-0b7830e971ef	2026-03-17	BOLETO	4bbf6df2-aee7-43fb-ae7e-3170329ad27f
f5444a39-530f-45e4-be46-0178baff9f53	2025-04-17	BOLETO	39117f43-7d7b-4f76-81dd-462cd0c60dcf
0490970b-8d95-4451-b0de-a24d5aa6af96	2025-05-17	BOLETO	39117f43-7d7b-4f76-81dd-462cd0c60dcf
3ba31c67-6bc1-47aa-87ed-b1e5e34216b0	2025-06-17	BOLETO	39117f43-7d7b-4f76-81dd-462cd0c60dcf
53f718d8-1a50-422b-832f-ea2002439b8a	2025-07-17	BOLETO	39117f43-7d7b-4f76-81dd-462cd0c60dcf
24895448-e587-43f2-875d-ccb27e5e86bb	2025-08-17	BOLETO	39117f43-7d7b-4f76-81dd-462cd0c60dcf
b20cff8a-50f1-44ad-9dda-d9a4ee7e2520	2025-09-17	BOLETO	39117f43-7d7b-4f76-81dd-462cd0c60dcf
fdc5947a-349e-4026-888c-32b797ffbe03	2025-10-17	BOLETO	39117f43-7d7b-4f76-81dd-462cd0c60dcf
24e53b4b-c916-4940-ae7f-9c14106ef334	2025-11-17	BOLETO	39117f43-7d7b-4f76-81dd-462cd0c60dcf
b51cc1ff-2f24-4011-a2df-02a0ac16ded9	2025-12-17	BOLETO	39117f43-7d7b-4f76-81dd-462cd0c60dcf
908bd65a-db2d-42d8-9d93-eb0ba40fb542	2026-01-17	BOLETO	39117f43-7d7b-4f76-81dd-462cd0c60dcf
15b38ba7-a4aa-4137-ba0f-b482b16cc83e	2026-02-17	BOLETO	39117f43-7d7b-4f76-81dd-462cd0c60dcf
c6638f96-372a-4d2d-b596-d3dd824b20b0	2026-03-17	BOLETO	39117f43-7d7b-4f76-81dd-462cd0c60dcf
01c09838-75b6-4faa-a7d8-c07ec3aafb38	2025-04-17	BOLETO	b37d2efe-d04c-4df7-9319-43ff668cc4c3
bbee07db-ce0f-46ea-ac0c-85e4f90860f4	2025-05-17	BOLETO	b37d2efe-d04c-4df7-9319-43ff668cc4c3
6a6066d8-714d-4c72-ad41-eec6ae269ef9	2025-06-17	BOLETO	b37d2efe-d04c-4df7-9319-43ff668cc4c3
1c0b966d-0b3f-4f7e-a540-4a19acf38ed5	2025-07-17	BOLETO	b37d2efe-d04c-4df7-9319-43ff668cc4c3
58b0251c-7e8d-4c69-9422-33866bdd4bcf	2025-08-17	BOLETO	b37d2efe-d04c-4df7-9319-43ff668cc4c3
9b171a8e-2035-46ff-a115-6bb4f493671d	2025-09-17	BOLETO	b37d2efe-d04c-4df7-9319-43ff668cc4c3
0d766b33-2f20-4bf9-8cd8-bf081e72282f	2025-10-17	BOLETO	b37d2efe-d04c-4df7-9319-43ff668cc4c3
f36c433c-f884-41fd-bbda-d02afe660b54	2025-11-17	BOLETO	b37d2efe-d04c-4df7-9319-43ff668cc4c3
6a152371-6dd6-4416-9f9a-07b5b02dbcc3	2025-12-17	BOLETO	b37d2efe-d04c-4df7-9319-43ff668cc4c3
aea12801-e525-4b6c-972d-6271f83120f2	2026-01-17	BOLETO	b37d2efe-d04c-4df7-9319-43ff668cc4c3
edd74b52-d66d-4bc5-bc04-28191e4a5eda	2026-02-17	BOLETO	b37d2efe-d04c-4df7-9319-43ff668cc4c3
541e6f37-ff21-4c8d-914e-db8d1ab7b0ad	2026-03-17	BOLETO	b37d2efe-d04c-4df7-9319-43ff668cc4c3
\.


--
-- Data for Name: desempenho; Type: TABLE DATA; Schema: public; Owner: ricajust
--

COPY public.desempenho (id, faltas, nota, aluno_id, disciplina_id) FROM stdin;
deb87755-389f-4f8e-82c1-5d70dcc84f3c	2	8.1	19094345-a2da-465b-aa42-246be6199151	2
ff744826-afaa-4451-8c41-b767b798fb61	0	9.3	19094345-a2da-465b-aa42-246be6199151	102
1d8e9b7c-9e36-42a4-9610-20690ca75524	4	6.8	19094345-a2da-465b-aa42-246be6199151	152
309b686e-6795-4db7-b733-eab1404dcca5	0	8.9	19094345-a2da-465b-aa42-246be6199151	153
fb527512-f23f-49a7-97fc-ee312bef7206	3	7.2	e242b257-8ada-4107-a0ff-bed7daab1123	154
28fd9704-3f5b-458b-b92f-7a12d6d01259	0	9	e242b257-8ada-4107-a0ff-bed7daab1123	155
3bca9cf4-5d83-4e2b-8a84-70894ae507ea	6	6.5	e242b257-8ada-4107-a0ff-bed7daab1123	156
ab598653-38c0-41d0-a6be-54873c8956f8	1	8.7	e242b257-8ada-4107-a0ff-bed7daab1123	157
3e58d262-ecd7-43e9-91f5-f62c582c5abc	2	7.8	e242b257-8ada-4107-a0ff-bed7daab1123	158
e6fef447-78b5-403c-b4e4-4742206d1f0d	0	9.4	0c9cb1ab-1d5e-499a-9c9d-afe43efd0bf2	159
97f437e1-d0b8-49f7-8cbd-cb785638e62f	7	6.3	0c9cb1ab-1d5e-499a-9c9d-afe43efd0bf2	160
3fb4fcae-1ed8-4e5b-bf6f-b72576eec963	1	8.2	0c9cb1ab-1d5e-499a-9c9d-afe43efd0bf2	161
4724367f-c2e6-454f-89cc-7ab649896e7c	3	7.7	0c9cb1ab-1d5e-499a-9c9d-afe43efd0bf2	162
abb01a13-0110-4a8e-83df-34696e00d80f	0	9.9	0c9cb1ab-1d5e-499a-9c9d-afe43efd0bf2	163
c9f68d90-ec55-4997-9b3f-fdc915cb2e19	5	7	cbbc18cc-569d-49e4-95af-2cec0a62dcbd	164
6f9d2500-33e2-4158-9645-49a370798bc7	0	8.6	cbbc18cc-569d-49e4-95af-2cec0a62dcbd	165
30b0ceb1-215e-4075-a166-ee6d99a9aeb3	8	6.1	cbbc18cc-569d-49e4-95af-2cec0a62dcbd	166
f4c1aa36-045d-457f-b131-004c763bb46d	0	9.3	cbbc18cc-569d-49e4-95af-2cec0a62dcbd	167
dc944b46-f746-465c-bec1-2a13fa676c29	2	7.4	cbbc18cc-569d-49e4-95af-2cec0a62dcbd	168
3c0a8dc2-31c1-4ec9-aaab-c548b1fce309	1	8.5	eb279f4d-37f1-406a-a53f-ed89bdd252aa	169
8244c3fe-114c-4865-879a-b3b9cd3ca71b	3	7.9	eb279f4d-37f1-406a-a53f-ed89bdd252aa	170
6f396e43-e8c0-4019-8a45-3a3058a1daca	0	9.6	eb279f4d-37f1-406a-a53f-ed89bdd252aa	171
d9121668-0339-4907-b8fc-d31fd364190b	9	6	eb279f4d-37f1-406a-a53f-ed89bdd252aa	172
4ea30ced-8afa-4d84-b1ec-c41b71909f1e	2	8.1	eb279f4d-37f1-406a-a53f-ed89bdd252aa	173
07f9c7f9-0fc7-4048-adbc-56f02b1bec0b	4	7.3	8c6566a6-a451-4be7-9ede-5cc1b53ba843	174
2193fb06-662a-4b22-8319-15460df1cf76	0	9.7	8c6566a6-a451-4be7-9ede-5cc1b53ba843	1
0c219b61-3980-4f25-a870-91e4740b0757	7	6.7	8c6566a6-a451-4be7-9ede-5cc1b53ba843	2
2a3889fb-115b-439a-ba42-7a60841912c2	1	8.4	8c6566a6-a451-4be7-9ede-5cc1b53ba843	52
61338267-2ff1-4c76-a741-dcdf624de91f	5	7	8c6566a6-a451-4be7-9ede-5cc1b53ba843	102
392f81a5-885c-45af-8d35-8e2bf6dded8d	0	9.2	0e1ec798-7bcb-4246-92c6-b1194c9ff64d	152
4fba7654-39b6-4ff3-8288-b88595702d40	6	6.9	0e1ec798-7bcb-4246-92c6-b1194c9ff64d	153
86025d95-6e10-406a-9ff1-84f3ddd49d32	1	8.6	0e1ec798-7bcb-4246-92c6-b1194c9ff64d	154
e4aa685a-0782-4ce0-9354-c2505b0b8539	3	7.1	0e1ec798-7bcb-4246-92c6-b1194c9ff64d	155
35045904-7a78-481b-8790-0cbf2107cde3	0	9.8	0e1ec798-7bcb-4246-92c6-b1194c9ff64d	156
7d5c8d34-b4b7-4011-b340-9b0c4779e7bf	2	7.6	ccfcb48e-2351-47ac-b77f-3e6a9b909189	157
a459f95a-350d-40bb-acae-2ff23f9a76cc	0	9.1	ccfcb48e-2351-47ac-b77f-3e6a9b909189	158
bfd3fafb-8b72-4a5b-845f-9d5924e206a2	7	6.4	ccfcb48e-2351-47ac-b77f-3e6a9b909189	159
91ce23d4-6fb9-4e72-8003-f1beda06b495	1	8.3	ccfcb48e-2351-47ac-b77f-3e6a9b909189	160
f5461bb2-4a81-4335-b212-786f284681be	3	7.9	ccfcb48e-2351-47ac-b77f-3e6a9b909189	161
99c42719-e203-469e-81d7-05cbcd0e3a57	0	9.5	53ea1842-97f4-4562-83cf-552075b6a18b	162
4e9a3891-8b1e-40b5-bc34-8c58b88a00d1	5	6.6	53ea1842-97f4-4562-83cf-552075b6a18b	163
a783c52a-f4de-4800-9649-d8f1ea67f0e8	2	8.1	53ea1842-97f4-4562-83cf-552075b6a18b	164
e552d969-2480-450a-b81d-6625aef68878	4	7.4	53ea1842-97f4-4562-83cf-552075b6a18b	165
ec531217-99f6-4e22-8657-bc8e9f868ab4	0	9	53ea1842-97f4-4562-83cf-552075b6a18b	166
d7e99b17-4fe1-4d3b-8c8f-5b7b362f9912	3	7.1	ae6dc565-1286-44e3-b26f-1da6936bb234	167
f77c6e52-cacf-4618-a842-71a42c635cb7	0	8.8	ae6dc565-1286-44e3-b26f-1da6936bb234	168
e3c58f94-3220-4f4b-920b-c16a2b499f2b	6	6.7	ae6dc565-1286-44e3-b26f-1da6936bb234	169
0fc28cca-7e9f-4c9e-917c-415a6e76afbd	0	9.3	ae6dc565-1286-44e3-b26f-1da6936bb234	170
9b36edef-daf8-4552-84d2-e1284a818a6a	1	8.2	ae6dc565-1286-44e3-b26f-1da6936bb234	171
06b47b9b-f9ed-4373-975f-2293b1bef674	0	9.9	ec5710c5-9c39-4e5f-be7f-4aca0ee0766f	172
d559fda7-f053-4a90-a132-bc7bdd13c49c	9	6	ec5710c5-9c39-4e5f-be7f-4aca0ee0766f	173
46eb455d-e5f9-4658-960f-c8f72c710af5	1	8.7	ec5710c5-9c39-4e5f-be7f-4aca0ee0766f	174
fa7cc520-0584-473a-9d5e-4700d683c000	4	7.5	ec5710c5-9c39-4e5f-be7f-4aca0ee0766f	1
b21387c8-7d6d-4ffd-b4ba-4716580047ac	0	9.1	ec5710c5-9c39-4e5f-be7f-4aca0ee0766f	2
636be92f-db6f-4265-8337-d0aedae95b7c	1	8.3	1375d219-75b5-4369-ac72-3fb905e15d2e	52
02b53c04-c4b4-4b64-8b3c-3179468173e3	2	7.8	1375d219-75b5-4369-ac72-3fb905e15d2e	102
d36652b8-b73d-4ae7-a367-b66f22cdb5cf	0	9.6	1375d219-75b5-4369-ac72-3fb905e15d2e	152
32f6d2d3-7b3f-4d1d-889d-dd5c3eefe01b	7	6.2	1375d219-75b5-4369-ac72-3fb905e15d2e	153
d8682d34-5e21-4a4f-836b-19f0e12f24ce	0	8.9	1375d219-75b5-4369-ac72-3fb905e15d2e	154
cff806f9-3a64-4542-90b6-ce0192940525	3	7.4	04ec6a82-0415-47f7-b0c8-1bc153b4e000	155
1ff815ce-2927-4f75-872c-929d9b26c455	0	9.1	04ec6a82-0415-47f7-b0c8-1bc153b4e000	156
337a1f19-3750-4680-bb66-ca3a3b7a75d3	6	6.6	04ec6a82-0415-47f7-b0c8-1bc153b4e000	157
9a544a40-9722-4a3b-ad57-b2f67c7a6440	1	8.5	04ec6a82-0415-47f7-b0c8-1bc153b4e000	158
94cd3234-b8db-4656-bc50-ce1edd5260de	2	7.9	04ec6a82-0415-47f7-b0c8-1bc153b4e000	159
e4ed66c6-552a-465f-aa4c-c178e9a14378	0	9.7	46b03ae6-fa0e-479a-8280-5b869beaaaac	160
2378cfb6-41ff-49fe-9644-94550d5003dc	7	6.4	46b03ae6-fa0e-479a-8280-5b869beaaaac	161
e1dc6c08-6d4e-4f9e-a2b1-494f63579002	1	8.2	46b03ae6-fa0e-479a-8280-5b869beaaaac	162
74918220-afdc-44bd-9675-720ebdc6189a	5	7	46b03ae6-fa0e-479a-8280-5b869beaaaac	163
feebd985-620d-45d3-a1b1-11c94134697f	0	9.4	46b03ae6-fa0e-479a-8280-5b869beaaaac	164
fd31b503-28f2-45ea-b719-9512a54cec6b	2	7.6	8c76878f-b667-44ed-adaa-df290135bace	165
36b6fb67-1ce5-4361-a817-35b575521039	0	9	8c76878f-b667-44ed-adaa-df290135bace	166
1c4f38b1-c196-41a5-ab12-d74ce121b6bc	8	6.1	8c76878f-b667-44ed-adaa-df290135bace	167
e3524b84-35ff-47ba-adff-078934e934ad	1	8.3	8c76878f-b667-44ed-adaa-df290135bace	168
63e32007-909d-4f12-8eae-0b924458a1cc	3	7.7	8c76878f-b667-44ed-adaa-df290135bace	169
2274dda9-6df4-4831-a675-8f2dd343243d	0	9.1	6d26d397-1486-4e2a-93d4-5d9f4987d506	170
344232fa-ec50-4983-910b-3ffcc66f685f	5	6.8	6d26d397-1486-4e2a-93d4-5d9f4987d506	171
6cf008f1-9258-40fa-8801-ee46de461e76	2	8.4	6d26d397-1486-4e2a-93d4-5d9f4987d506	172
8d0010c3-34d9-4d29-9f25-00c8c0e172ed	4	7	6d26d397-1486-4e2a-93d4-5d9f4987d506	173
8256355c-f66d-4335-8c68-5d3fa574ba2f	0	9.6	6d26d397-1486-4e2a-93d4-5d9f4987d506	174
f194ee4e-89ad-4dbb-9c1f-20e81c5c08b0	1	7.7	7c5f7bb4-da51-486a-b4d7-399ef9c5bb06	1
69f15134-4a73-4c3e-81c5-33678f2ca683	0	9.2	7c5f7bb4-da51-486a-b4d7-399ef9c5bb06	2
1a192995-9c93-498e-a8ae-80f66a84c0e9	8	6.5	7c5f7bb4-da51-486a-b4d7-399ef9c5bb06	52
2b987cd9-8d2b-43dd-9c44-f7e566cab574	0	8.9	7c5f7bb4-da51-486a-b4d7-399ef9c5bb06	102
0fc6e46a-4e0f-45b8-b024-41ba9c87914a	5	7	7c5f7bb4-da51-486a-b4d7-399ef9c5bb06	152
f263727f-aef7-4132-9af1-85545d25e584	0	9.3	ba9cd3b7-4165-4de0-802a-37ea28f8959a	153
fc8d7aa9-4950-4979-805e-35e21d9822a8	7	6.1	ba9cd3b7-4165-4de0-802a-37ea28f8959a	154
35a967d4-c164-41d8-9fd1-67753b614955	1	8.2	ba9cd3b7-4165-4de0-802a-37ea28f8959a	155
5b99f97f-378e-49aa-915c-15eaf6648953	3	7.7	ba9cd3b7-4165-4de0-802a-37ea28f8959a	156
03a9768f-a46b-4830-88b8-c3398b37bcc4	0	9.9	ba9cd3b7-4165-4de0-802a-37ea28f8959a	157
b528864e-feb4-4a33-ad09-ca1fbdfd9567	5	7	cc271f8f-0c01-4a51-a058-def62b934c07	158
23d212f8-158d-4cf2-902d-eb5c25cd9a98	0	8.6	cc271f8f-0c01-4a51-a058-def62b934c07	159
0f1c69b7-c2ae-4e56-a037-60939d1ffc4f	8	6.1	cc271f8f-0c01-4a51-a058-def62b934c07	160
df30f723-c5b8-4528-b0b5-f1b1a3ccc76f	0	9.3	cc271f8f-0c01-4a51-a058-def62b934c07	161
63d2f92b-e2e8-4246-b163-9e410e659657	2	7.4	cc271f8f-0c01-4a51-a058-def62b934c07	162
35478d92-d34d-4fe7-aee6-700972449e21	1	8.5	7b2ce095-b0ca-4eb0-bcef-0e04a9890d54	163
6026e3e0-2e4a-40d2-82c1-c5e4de7652a4	3	7.9	7b2ce095-b0ca-4eb0-bcef-0e04a9890d54	164
aa1c8571-54ff-47a2-9f15-a04c15db952d	0	9.6	7b2ce095-b0ca-4eb0-bcef-0e04a9890d54	165
e8abe1fd-e8c9-4ce2-ad7c-205d4e22f8ec	9	6	7b2ce095-b0ca-4eb0-bcef-0e04a9890d54	166
0a03f387-a11c-435f-a3f9-823a451d5b15	2	8.1	7b2ce095-b0ca-4eb0-bcef-0e04a9890d54	167
c38a8e4d-e158-476d-8d3f-be837deb7b66	4	7.3	ffe5bb4c-d8dd-4abb-a64b-35ac87a78423	168
ceae616a-db30-4f15-ab32-c30cb23a16db	0	9.7	ffe5bb4c-d8dd-4abb-a64b-35ac87a78423	169
e25f8c36-8539-4aab-9770-a1d245f0f44f	7	6.7	ffe5bb4c-d8dd-4abb-a64b-35ac87a78423	170
b949f8ea-3a1a-42d9-835c-5cbbe39d93b7	1	8.4	ffe5bb4c-d8dd-4abb-a64b-35ac87a78423	171
7a652626-ff40-4887-b819-0d631a3c0253	5	7	ffe5bb4c-d8dd-4abb-a64b-35ac87a78423	172
b3bad691-a880-4463-8247-c87b00a050e3	0	9.2	1da4ff59-af59-490e-84b4-8fd420e4978a	173
2d7ea0d9-06a7-492d-a947-1e85c109ca2f	6	6.9	1da4ff59-af59-490e-84b4-8fd420e4978a	174
12c1c85e-75a0-4ffd-9553-734b5a687c81	1	8.6	1da4ff59-af59-490e-84b4-8fd420e4978a	1
df7404f0-e8c5-4047-8451-b25552715c88	3	7.1	1da4ff59-af59-490e-84b4-8fd420e4978a	2
b0aea2ac-6e4c-4df4-ab73-3f0bb9ca439c	0	9.8	1da4ff59-af59-490e-84b4-8fd420e4978a	52
fecf9e2d-0b45-46d1-b75e-035a808f9e34	2	7.6	e1adabcb-9e9d-496e-94af-6d2dcfbb89f4	102
8dff07f3-794f-4aa5-95b8-e2bb3e413a4b	0	9.1	e1adabcb-9e9d-496e-94af-6d2dcfbb89f4	152
e5b18322-a485-4bf0-a08a-6e733f3d1b1d	7	6.4	e1adabcb-9e9d-496e-94af-6d2dcfbb89f4	153
f23e33b2-e894-442a-bffe-be012a4e3aa7	1	8.3	e1adabcb-9e9d-496e-94af-6d2dcfbb89f4	154
3a3906f6-cb9a-422e-8c53-8b7957d8a36a	3	7.9	e1adabcb-9e9d-496e-94af-6d2dcfbb89f4	155
ecce4ab2-227d-439e-b615-d3bd79efab0d	0	9.5	05316dba-f211-48e4-a9aa-792a1381a600	156
ca8fb5c8-19bd-4768-ab15-5bb770878d4d	5	6.6	05316dba-f211-48e4-a9aa-792a1381a600	157
d6d4cff9-170e-4ffc-91e4-66789d41de9c	2	8.1	05316dba-f211-48e4-a9aa-792a1381a600	158
d107bc46-15af-4095-a550-b6ebdffcb567	4	7.4	05316dba-f211-48e4-a9aa-792a1381a600	159
6f005f36-7a1a-4f09-a4be-9cf5009c5f56	0	9	05316dba-f211-48e4-a9aa-792a1381a600	160
c684dae6-af80-4cd6-8bf4-4cee65f71622	3	7.1	d0cab581-d6eb-4e0f-8625-75624dc36d2a	161
9b369c90-bfa9-4a19-a83f-239191b07a10	0	8.8	d0cab581-d6eb-4e0f-8625-75624dc36d2a	162
1aa36cb6-a0ed-49d1-a99d-b7f7adb9ec60	6	6.7	d0cab581-d6eb-4e0f-8625-75624dc36d2a	163
b64f6d9e-815f-4150-a4d1-3a2efcc90207	0	9.3	d0cab581-d6eb-4e0f-8625-75624dc36d2a	164
dbc429f7-f8ad-4c29-83b6-50ba5f0e741b	1	8.2	d0cab581-d6eb-4e0f-8625-75624dc36d2a	165
75d02393-ac29-43d1-ab47-fffaa9e11b5b	0	9.9	d86d40c3-fe12-4c82-86b9-5b9df50c3ec6	166
b1f066fb-d065-45f0-9207-37a693af0645	9	6	d86d40c3-fe12-4c82-86b9-5b9df50c3ec6	167
1bc9e418-46cc-4507-a0e3-997b352dec12	1	8.7	d86d40c3-fe12-4c82-86b9-5b9df50c3ec6	168
8ca13606-6fe4-47b3-a66a-64a42d9cd6f2	4	7.5	d86d40c3-fe12-4c82-86b9-5b9df50c3ec6	169
e6dde081-957b-4db4-b52c-9ee5b7e0da2f	0	9.1	d86d40c3-fe12-4c82-86b9-5b9df50c3ec6	170
8017a4df-4fea-4a2e-851b-f27becda7e3d	1	8.3	6b8ef4fe-d0fb-4d23-9f2f-a51be46ab281	171
23d0a713-861a-47a4-9c45-254bdaed6371	2	7.8	6b8ef4fe-d0fb-4d23-9f2f-a51be46ab281	172
c2d96278-7dec-40dc-9073-7dcdf7759188	0	9.6	6b8ef4fe-d0fb-4d23-9f2f-a51be46ab281	173
04878d91-fd17-4127-8f12-2cc4308dbf4d	7	6.2	6b8ef4fe-d0fb-4d23-9f2f-a51be46ab281	174
d9465055-ddda-45c7-82f0-919397345901	0	8.9	6b8ef4fe-d0fb-4d23-9f2f-a51be46ab281	1
237704bf-2d22-400a-8445-368f1bcf585b	3	7.4	ca451dd5-503b-4693-a273-df5d03d44bfe	2
c6503f57-3619-463f-9c70-a4ce3c17b952	0	9.1	ca451dd5-503b-4693-a273-df5d03d44bfe	52
183cdfed-e1a4-4443-8d9f-f9fe344f2858	6	6.6	ca451dd5-503b-4693-a273-df5d03d44bfe	102
4356c5da-5403-48f1-aecd-8c3a0d93242c	1	8.5	ca451dd5-503b-4693-a273-df5d03d44bfe	152
e3b1ac52-32c9-467a-b855-cccbfcef2fa5	2	7.9	ca451dd5-503b-4693-a273-df5d03d44bfe	153
f7a3df82-8597-4f53-a0c5-336dbe8dc0f8	0	9.7	a3d8d3f2-8999-4eca-9950-eef6f223283e	154
2391147f-0d2f-4d07-80a0-295908b1f4cc	7	6.4	a3d8d3f2-8999-4eca-9950-eef6f223283e	155
36871582-bc27-4a14-b03e-4a6916877097	1	8.2	a3d8d3f2-8999-4eca-9950-eef6f223283e	156
426c56de-65ee-4b23-9972-9b265ca9e324	5	7	a3d8d3f2-8999-4eca-9950-eef6f223283e	157
b21191bf-2995-4895-bc62-c0a9ff52e51a	0	9.4	a3d8d3f2-8999-4eca-9950-eef6f223283e	158
ba481286-b6fa-41f8-8453-3d76010aa7ec	2	7.6	faf82468-3946-4ebf-843b-b14483ae7c56	159
ed6b0a38-cc32-4e14-8a6d-40c43763a601	0	9.1	faf82468-3946-4ebf-843b-b14483ae7c56	160
7e500920-8caa-4be6-aba7-62b4d9da11e9	7	6.4	faf82468-3946-4ebf-843b-b14483ae7c56	161
f2d97605-d63e-4200-9e3e-57789eb810ad	1	8.3	faf82468-3946-4ebf-843b-b14483ae7c56	162
c80e3bf5-004b-4d88-992d-a4cdb86d5466	3	7.9	faf82468-3946-4ebf-843b-b14483ae7c56	163
5818a973-67f6-4d5f-bba0-a1dd6ef9a9f2	0	9.5	e389aac6-9c72-4881-b481-7e9174d222e5	164
5c8bce81-b49a-42f1-ad40-77010336f6df	5	6.6	e389aac6-9c72-4881-b481-7e9174d222e5	165
f24d3e1d-71ed-4ffe-8b23-a1bd5752ed6f	2	8.1	e389aac6-9c72-4881-b481-7e9174d222e5	166
dbb87a3e-f0b5-4821-af91-2f0bfca03f27	4	7.4	e389aac6-9c72-4881-b481-7e9174d222e5	167
1410f310-12d6-445a-9823-83f49befb3d4	0	9	e389aac6-9c72-4881-b481-7e9174d222e5	168
e5dc55c0-1660-459b-9c42-92dad4e0ed43	3	7.1	93e37be3-32e8-42f5-969a-4de900697412	169
35ea4daf-87d8-442b-a215-b3f973181abf	0	8.8	93e37be3-32e8-42f5-969a-4de900697412	170
df788b82-5f69-436a-aca3-e40ef0297c39	6	6.7	93e37be3-32e8-42f5-969a-4de900697412	171
e5f79aeb-b830-4c89-98f0-e0b4310c51f3	0	9.3	93e37be3-32e8-42f5-969a-4de900697412	172
1e8489dc-e218-4a83-8b36-1d1ba9e5f312	1	8.2	93e37be3-32e8-42f5-969a-4de900697412	173
85e57a3e-a3b8-42fb-871e-880c1108d843	9	7.5	19094345-a2da-465b-aa42-246be6199151	52
\.


--
-- Data for Name: disciplina; Type: TABLE DATA; Schema: public; Owner: ricajust
--

COPY public.disciplina (id, descricao, nivel, nome, valor, professor_id) FROM stdin;
2	Estudo e implementao das principais estruturas de dados.	Algoritmos	Estruturas de Dados	95.00	9e0d91bc-9553-4757-a5a3-63da54f6757d
52	Criao de aplicaes web robustas utilizando o framework Spring Boot.	Desenvolvimento Web	Desenvolvimento Web com Spring Boot	110.00	0896700f-d56f-45f5-9548-5d8c0058cd17
102	Criao de aplicaes web robustas utilizando o framework Spring Boot.	Desenvolvimento Web	Desenvolvimento Web com Spring Boot	110.00	0896700f-d56f-45f5-9548-5d8c0058cd17
152	Criao de aplicaes web robustas utilizando o framework Spring Boot.	Desenvolvimento Web	Desenvolvimento Web com Spring Boot	110.00	0896700f-d56f-45f5-9548-5d8c0058cd17
153	Criao de aplicaes web robustas utilizando o framework Spring Boot.	Desenvolvimento Web	Desenvolvimento Web com Spring Boot	110.00	0896700f-d56f-45f5-9548-5d8c0058cd17
154	Desenvolvimento de interfaces de usurio interativas com a biblioteca React.	Desenvolvimento Web	Frontend com React	120.00	0896700f-d56f-45f5-9548-5d8c0058cd17
155	Conceitos e prticas para a criao de modelos de dados eficientes.	Banco de Dados	Modelagem de Banco de Dados Relacional	85.00	a6d82259-033f-48b3-b728-b42f0cd57d85
156	Gesto e otimizao de bancos de dados utilizando PostgreSQL.	Banco de Dados	Administrao de Banco de Dados PostgreSQL	95.00	a6d82259-033f-48b3-b728-b42f0cd57d85
157	Introduo aos conceitos e algoritmos bsicos da Inteligncia Artificial.	Inteligncia Artificial	Fundamentos da Inteligncia Artificial	100.00	cc99f012-bd53-4c03-8cb4-45d3a41320b0
158	Estudo das tcnicas de aprendizado de mquina supervisionado e no supervisionado.	Inteligncia Artificial	Aprendizado de Mquina	115.00	cc99f012-bd53-4c03-8cb4-45d3a41320b0
159	Arquitetura, protocolos e funcionamento das redes de computadores.	Redes de Computadores	Redes de Computadores e Protocolos	90.00	9991f84b-d015-4f22-8740-44d086ca3796
160	Princpios e tcnicas para garantir a segurana em redes de computadores.	Redes de Computadores	Segurana em Redes	105.00	9991f84b-d015-4f22-8740-44d086ca3796
161	Estudo aprofundado de temas relevantes em segurana da informao.	Segurana da Informao	Tpicos em Segurana da Informao	125.00	c079bbb5-803b-4b40-bd04-568020a7bfac
162	Design e implementao de sistemas utilizando a arquitetura de microsservios.	Arquitetura de Software	Arquitetura de Microsservios	130.00	66270520-2a81-4a5a-b317-cb84c6daa9a1
163	Criao de aplicativos mveis para Android e iOS utilizando o framework Flutter.	Desenvolvimento Mobile	Desenvolvimento Mobile com Flutter	120.00	4796b6e2-5b35-40e7-9cc2-356aebabb81f
164	Introduo aos conceitos e tcnicas fundamentais da computao grfica.	Computao Grfica	Computao Grfica Essencial	110.00	fb652886-64f3-4ca0-b832-d4636d1caca2
165	Princpios e desenvolvimento de sistemas embarcados.	Sistemas Embarcados	Sistemas Embarcados	105.00	b5a6bca9-12ec-4d91-8347-226e8cf6c148
166	Estudo dos princpios e prticas essenciais da engenharia de software.	Engenharia de Software	Engenharia de Software: Princpios e Prticas	115.00	b961c2b2-6636-44dd-b014-a1626d8afc1a
167	Introduo ao desenvolvimento de jogos utilizando a engine Unity.	Desenvolvimento de Jogos	Desenvolvimento de Jogos com Unity	130.00	2a6638a5-19e7-43de-bedd-a68b30e0af45
168	Introduo e utilizao dos servios da plataforma AWS.	Computao em Nuvem	Computao em Nuvem com AWS	120.00	77b81348-2607-4b8c-9e4c-084d62bdf496
169	Criao de aplicaes web utilizando tecnologias e frameworks atuais.	Desenvolvimento de Aplicaes	Desenvolvimento de Aplicaes Web Modernas	125.00	13a6f252-103b-4282-b478-5d64f041cf47
170	Conceitos matemticos fundamentais para a rea de computao.	Matemtica	Matemtica para Computao	80.00	cf496574-54a2-4aa7-ab6c-456eddd73369
171	Princpios de fsica relevantes para a rea de informtica.	Fsica	Fsica para Informtica	85.00	b0749f27-9758-4f03-9395-8dea5d73b539
172	Conceitos de qumica aplicados  tecnologia.	Qumica	Qumica para Tecnologia	90.00	0baf685b-b818-4a5f-a960-a84af07884ab
173	Evoluo da computao desde suas origens at os dias atuais.	Histria	Histria da Computao	70.00	2d47cf96-3c27-4683-ac78-8193f77b86c0
174	Aplicaes da geografia na rea de tecnologia.	Geografia	Geografia e Tecnologia	75.00	cba4a3db-c1ba-44f3-bd58-2b6c4df868c3
1	Fundamentos da construo de algoritmos e da lgica de programao.	Algoritmos	Algoritmos e Lgica de Programao	95.00	9e0d91bc-9553-4757-a5a3-63da54f6757d
\.


--
-- Data for Name: funcionario; Type: TABLE DATA; Schema: public; Owner: ricajust
--

COPY public.funcionario (data_contratacao, nivel_acesso, id) FROM stdin;
2022-01-01	1	718ccb3c-e243-4a5d-812d-8a361afdb8fd
2021-03-10	2	f478f6cb-7685-478d-a790-d83abdc6f1de
2020-06-15	3	745501e4-3c0f-4ebc-8543-03eb189a593e
2019-11-25	1	5036b5b7-37ed-4ec8-b06d-8704742df9ab
2018-08-30	2	ae4ce02c-d0e5-4deb-a9b2-90495963aac2
2017-05-22	3	da4e505b-14da-41b6-9b4d-e14f49352bef
2016-12-01	1	6eadf160-0c9c-41af-aca5-85f8cd3dc0b3
2015-09-15	2	598aae12-a28d-43a9-a48f-52d9d71ae385
2014-07-10	3	fab14d82-a823-45f0-931b-a2807383fd15
2013-04-05	1	84bb467d-6faf-48c8-9d2d-f325df30fd32
2012-01-20	2	8fcd77ef-a470-4c2b-9941-38da0633e9ec
2018-08-30	2	318a1dde-2c22-4af2-9542-202488127bcb
2017-05-22	3	16ec45ab-8e1c-4ada-a4b2-d292a09851e6
2016-12-01	1	31dc4b6a-7c20-413b-bad7-b8a27aeb65af
2015-09-15	2	2b344d70-43c2-4905-8c82-80d7002a269b
2014-07-10	3	db8512e9-c943-4b97-842b-d2bf5c08c3d8
2013-04-05	1	6249aa83-465c-4dcd-843e-cf72830a9cfc
2012-01-20	2	ce047037-7f59-44dd-bf6e-fc3723eba401
2011-11-11	3	1beeac33-8e48-4b74-b9c7-c9fb7b012729
2010-08-08	1	5b8d3fee-a1bd-4ef6-a43a-5616d94dedc1
2009-05-05	2	17b8aba1-cb5a-4f1d-9bf3-e759e0ad8f1e
\.


--
-- Data for Name: matricula; Type: TABLE DATA; Schema: public; Owner: ricajust
--

COPY public.matricula (id, data_matricula, status, aluno_id, disciplina_id) FROM stdin;
671	2025-03-17	ATIVO	46b03ae6-fa0e-479a-8280-5b869beaaaac	164
602	2025-03-17	ATIVO	19094345-a2da-465b-aa42-246be6199151	2
603	2025-03-17	ATIVO	19094345-a2da-465b-aa42-246be6199151	52
604	2025-03-17	ATIVO	19094345-a2da-465b-aa42-246be6199151	102
605	2025-03-17	ATIVO	19094345-a2da-465b-aa42-246be6199151	152
606	2025-03-17	ATIVO	19094345-a2da-465b-aa42-246be6199151	153
607	2025-03-17	ATIVO	e242b257-8ada-4107-a0ff-bed7daab1123	154
608	2025-03-17	ATIVO	e242b257-8ada-4107-a0ff-bed7daab1123	155
609	2025-03-17	ATIVO	e242b257-8ada-4107-a0ff-bed7daab1123	156
610	2025-03-17	ATIVO	e242b257-8ada-4107-a0ff-bed7daab1123	157
611	2025-03-17	ATIVO	e242b257-8ada-4107-a0ff-bed7daab1123	158
612	2025-03-17	ATIVO	0c9cb1ab-1d5e-499a-9c9d-afe43efd0bf2	159
613	2025-03-17	ATIVO	0c9cb1ab-1d5e-499a-9c9d-afe43efd0bf2	160
614	2025-03-17	ATIVO	0c9cb1ab-1d5e-499a-9c9d-afe43efd0bf2	161
615	2025-03-17	ATIVO	0c9cb1ab-1d5e-499a-9c9d-afe43efd0bf2	162
616	2025-03-17	ATIVO	0c9cb1ab-1d5e-499a-9c9d-afe43efd0bf2	163
617	2025-03-17	ATIVO	cbbc18cc-569d-49e4-95af-2cec0a62dcbd	164
618	2025-03-17	ATIVO	cbbc18cc-569d-49e4-95af-2cec0a62dcbd	165
619	2025-03-17	ATIVO	cbbc18cc-569d-49e4-95af-2cec0a62dcbd	166
620	2025-03-17	ATIVO	cbbc18cc-569d-49e4-95af-2cec0a62dcbd	167
621	2025-03-17	ATIVO	cbbc18cc-569d-49e4-95af-2cec0a62dcbd	168
622	2025-03-17	ATIVO	eb279f4d-37f1-406a-a53f-ed89bdd252aa	169
623	2025-03-17	ATIVO	eb279f4d-37f1-406a-a53f-ed89bdd252aa	170
624	2025-03-17	ATIVO	eb279f4d-37f1-406a-a53f-ed89bdd252aa	171
625	2025-03-17	ATIVO	eb279f4d-37f1-406a-a53f-ed89bdd252aa	172
626	2025-03-17	ATIVO	eb279f4d-37f1-406a-a53f-ed89bdd252aa	173
627	2025-03-17	ATIVO	8c6566a6-a451-4be7-9ede-5cc1b53ba843	174
628	2025-03-17	ATIVO	8c6566a6-a451-4be7-9ede-5cc1b53ba843	1
629	2025-03-17	ATIVO	8c6566a6-a451-4be7-9ede-5cc1b53ba843	2
630	2025-03-17	ATIVO	8c6566a6-a451-4be7-9ede-5cc1b53ba843	52
631	2025-03-17	ATIVO	8c6566a6-a451-4be7-9ede-5cc1b53ba843	102
632	2025-03-17	ATIVO	0e1ec798-7bcb-4246-92c6-b1194c9ff64d	152
633	2025-03-17	ATIVO	0e1ec798-7bcb-4246-92c6-b1194c9ff64d	153
634	2025-03-17	ATIVO	0e1ec798-7bcb-4246-92c6-b1194c9ff64d	154
635	2025-03-17	ATIVO	0e1ec798-7bcb-4246-92c6-b1194c9ff64d	155
636	2025-03-17	ATIVO	0e1ec798-7bcb-4246-92c6-b1194c9ff64d	156
637	2025-03-17	ATIVO	ccfcb48e-2351-47ac-b77f-3e6a9b909189	157
638	2025-03-17	ATIVO	ccfcb48e-2351-47ac-b77f-3e6a9b909189	158
639	2025-03-17	ATIVO	ccfcb48e-2351-47ac-b77f-3e6a9b909189	159
640	2025-03-17	ATIVO	ccfcb48e-2351-47ac-b77f-3e6a9b909189	160
641	2025-03-17	ATIVO	ccfcb48e-2351-47ac-b77f-3e6a9b909189	161
642	2025-03-17	ATIVO	53ea1842-97f4-4562-83cf-552075b6a18b	162
643	2025-03-17	ATIVO	53ea1842-97f4-4562-83cf-552075b6a18b	163
644	2025-03-17	ATIVO	53ea1842-97f4-4562-83cf-552075b6a18b	164
645	2025-03-17	ATIVO	53ea1842-97f4-4562-83cf-552075b6a18b	165
646	2025-03-17	ATIVO	53ea1842-97f4-4562-83cf-552075b6a18b	166
647	2025-03-17	ATIVO	ae6dc565-1286-44e3-b26f-1da6936bb234	167
648	2025-03-17	ATIVO	ae6dc565-1286-44e3-b26f-1da6936bb234	168
649	2025-03-17	ATIVO	ae6dc565-1286-44e3-b26f-1da6936bb234	169
650	2025-03-17	ATIVO	ae6dc565-1286-44e3-b26f-1da6936bb234	170
651	2025-03-17	ATIVO	ae6dc565-1286-44e3-b26f-1da6936bb234	171
652	2025-03-17	ATIVO	ec5710c5-9c39-4e5f-be7f-4aca0ee0766f	172
653	2025-03-17	ATIVO	ec5710c5-9c39-4e5f-be7f-4aca0ee0766f	173
654	2025-03-17	ATIVO	ec5710c5-9c39-4e5f-be7f-4aca0ee0766f	174
655	2025-03-17	ATIVO	ec5710c5-9c39-4e5f-be7f-4aca0ee0766f	1
656	2025-03-17	ATIVO	ec5710c5-9c39-4e5f-be7f-4aca0ee0766f	2
657	2025-03-17	ATIVO	1375d219-75b5-4369-ac72-3fb905e15d2e	52
658	2025-03-17	ATIVO	1375d219-75b5-4369-ac72-3fb905e15d2e	102
659	2025-03-17	ATIVO	1375d219-75b5-4369-ac72-3fb905e15d2e	152
660	2025-03-17	ATIVO	1375d219-75b5-4369-ac72-3fb905e15d2e	153
661	2025-03-17	ATIVO	1375d219-75b5-4369-ac72-3fb905e15d2e	154
662	2025-03-17	ATIVO	04ec6a82-0415-47f7-b0c8-1bc153b4e000	155
663	2025-03-17	ATIVO	04ec6a82-0415-47f7-b0c8-1bc153b4e000	156
664	2025-03-17	ATIVO	04ec6a82-0415-47f7-b0c8-1bc153b4e000	157
665	2025-03-17	ATIVO	04ec6a82-0415-47f7-b0c8-1bc153b4e000	158
666	2025-03-17	ATIVO	04ec6a82-0415-47f7-b0c8-1bc153b4e000	159
667	2025-03-17	ATIVO	46b03ae6-fa0e-479a-8280-5b869beaaaac	160
668	2025-03-17	ATIVO	46b03ae6-fa0e-479a-8280-5b869beaaaac	161
669	2025-03-17	ATIVO	46b03ae6-fa0e-479a-8280-5b869beaaaac	162
670	2025-03-17	ATIVO	46b03ae6-fa0e-479a-8280-5b869beaaaac	163
672	2025-03-17	ATIVO	8c76878f-b667-44ed-adaa-df290135bace	165
673	2025-03-17	ATIVO	8c76878f-b667-44ed-adaa-df290135bace	166
674	2025-03-17	ATIVO	8c76878f-b667-44ed-adaa-df290135bace	167
675	2025-03-17	ATIVO	8c76878f-b667-44ed-adaa-df290135bace	168
676	2025-03-17	ATIVO	8c76878f-b667-44ed-adaa-df290135bace	169
677	2025-03-17	ATIVO	6d26d397-1486-4e2a-93d4-5d9f4987d506	170
678	2025-03-17	ATIVO	6d26d397-1486-4e2a-93d4-5d9f4987d506	171
679	2025-03-17	ATIVO	6d26d397-1486-4e2a-93d4-5d9f4987d506	172
680	2025-03-17	ATIVO	6d26d397-1486-4e2a-93d4-5d9f4987d506	173
681	2025-03-17	ATIVO	6d26d397-1486-4e2a-93d4-5d9f4987d506	174
682	2025-03-17	ATIVO	7c5f7bb4-da51-486a-b4d7-399ef9c5bb06	1
683	2025-03-17	ATIVO	7c5f7bb4-da51-486a-b4d7-399ef9c5bb06	2
684	2025-03-17	ATIVO	7c5f7bb4-da51-486a-b4d7-399ef9c5bb06	52
685	2025-03-17	ATIVO	7c5f7bb4-da51-486a-b4d7-399ef9c5bb06	102
686	2025-03-17	ATIVO	7c5f7bb4-da51-486a-b4d7-399ef9c5bb06	152
687	2025-03-17	ATIVO	ba9cd3b7-4165-4de0-802a-37ea28f8959a	153
688	2025-03-17	ATIVO	ba9cd3b7-4165-4de0-802a-37ea28f8959a	154
689	2025-03-17	ATIVO	ba9cd3b7-4165-4de0-802a-37ea28f8959a	155
690	2025-03-17	ATIVO	ba9cd3b7-4165-4de0-802a-37ea28f8959a	156
691	2025-03-17	ATIVO	ba9cd3b7-4165-4de0-802a-37ea28f8959a	157
692	2025-03-17	ATIVO	cc271f8f-0c01-4a51-a058-def62b934c07	158
693	2025-03-17	ATIVO	cc271f8f-0c01-4a51-a058-def62b934c07	159
694	2025-03-17	ATIVO	cc271f8f-0c01-4a51-a058-def62b934c07	160
695	2025-03-17	ATIVO	cc271f8f-0c01-4a51-a058-def62b934c07	161
696	2025-03-17	ATIVO	cc271f8f-0c01-4a51-a058-def62b934c07	162
697	2025-03-17	ATIVO	7b2ce095-b0ca-4eb0-bcef-0e04a9890d54	163
698	2025-03-17	ATIVO	7b2ce095-b0ca-4eb0-bcef-0e04a9890d54	164
699	2025-03-17	ATIVO	7b2ce095-b0ca-4eb0-bcef-0e04a9890d54	165
700	2025-03-17	ATIVO	7b2ce095-b0ca-4eb0-bcef-0e04a9890d54	166
701	2025-03-17	ATIVO	7b2ce095-b0ca-4eb0-bcef-0e04a9890d54	167
702	2025-03-17	ATIVO	ffe5bb4c-d8dd-4abb-a64b-35ac87a78423	168
703	2025-03-17	ATIVO	ffe5bb4c-d8dd-4abb-a64b-35ac87a78423	169
704	2025-03-17	ATIVO	ffe5bb4c-d8dd-4abb-a64b-35ac87a78423	170
705	2025-03-17	ATIVO	ffe5bb4c-d8dd-4abb-a64b-35ac87a78423	171
706	2025-03-17	ATIVO	ffe5bb4c-d8dd-4abb-a64b-35ac87a78423	172
707	2025-03-17	ATIVO	1da4ff59-af59-490e-84b4-8fd420e4978a	173
708	2025-03-17	ATIVO	1da4ff59-af59-490e-84b4-8fd420e4978a	174
709	2025-03-17	ATIVO	1da4ff59-af59-490e-84b4-8fd420e4978a	1
710	2025-03-17	ATIVO	1da4ff59-af59-490e-84b4-8fd420e4978a	2
711	2025-03-17	ATIVO	1da4ff59-af59-490e-84b4-8fd420e4978a	52
712	2025-03-17	ATIVO	e1adabcb-9e9d-496e-94af-6d2dcfbb89f4	102
713	2025-03-17	ATIVO	e1adabcb-9e9d-496e-94af-6d2dcfbb89f4	152
714	2025-03-17	ATIVO	e1adabcb-9e9d-496e-94af-6d2dcfbb89f4	153
715	2025-03-17	ATIVO	e1adabcb-9e9d-496e-94af-6d2dcfbb89f4	154
716	2025-03-17	ATIVO	e1adabcb-9e9d-496e-94af-6d2dcfbb89f4	155
717	2025-03-17	ATIVO	05316dba-f211-48e4-a9aa-792a1381a600	156
718	2025-03-17	ATIVO	05316dba-f211-48e4-a9aa-792a1381a600	157
719	2025-03-17	ATIVO	05316dba-f211-48e4-a9aa-792a1381a600	158
720	2025-03-17	ATIVO	05316dba-f211-48e4-a9aa-792a1381a600	159
721	2025-03-17	ATIVO	05316dba-f211-48e4-a9aa-792a1381a600	160
722	2025-03-17	ATIVO	d0cab581-d6eb-4e0f-8625-75624dc36d2a	161
723	2025-03-17	ATIVO	d0cab581-d6eb-4e0f-8625-75624dc36d2a	162
724	2025-03-17	ATIVO	d0cab581-d6eb-4e0f-8625-75624dc36d2a	163
725	2025-03-17	ATIVO	d0cab581-d6eb-4e0f-8625-75624dc36d2a	164
726	2025-03-17	ATIVO	d0cab581-d6eb-4e0f-8625-75624dc36d2a	165
727	2025-03-17	ATIVO	d86d40c3-fe12-4c82-86b9-5b9df50c3ec6	166
728	2025-03-17	ATIVO	d86d40c3-fe12-4c82-86b9-5b9df50c3ec6	167
729	2025-03-17	ATIVO	d86d40c3-fe12-4c82-86b9-5b9df50c3ec6	168
730	2025-03-17	ATIVO	d86d40c3-fe12-4c82-86b9-5b9df50c3ec6	169
731	2025-03-17	ATIVO	d86d40c3-fe12-4c82-86b9-5b9df50c3ec6	170
732	2025-03-17	ATIVO	6b8ef4fe-d0fb-4d23-9f2f-a51be46ab281	171
733	2025-03-17	ATIVO	6b8ef4fe-d0fb-4d23-9f2f-a51be46ab281	172
734	2025-03-17	ATIVO	6b8ef4fe-d0fb-4d23-9f2f-a51be46ab281	173
735	2025-03-17	ATIVO	6b8ef4fe-d0fb-4d23-9f2f-a51be46ab281	174
736	2025-03-17	ATIVO	6b8ef4fe-d0fb-4d23-9f2f-a51be46ab281	1
737	2025-03-17	ATIVO	ca451dd5-503b-4693-a273-df5d03d44bfe	2
738	2025-03-17	ATIVO	ca451dd5-503b-4693-a273-df5d03d44bfe	52
739	2025-03-17	ATIVO	ca451dd5-503b-4693-a273-df5d03d44bfe	102
740	2025-03-17	ATIVO	ca451dd5-503b-4693-a273-df5d03d44bfe	152
741	2025-03-17	ATIVO	ca451dd5-503b-4693-a273-df5d03d44bfe	153
742	2025-03-17	ATIVO	a3d8d3f2-8999-4eca-9950-eef6f223283e	154
743	2025-03-17	ATIVO	a3d8d3f2-8999-4eca-9950-eef6f223283e	155
744	2025-03-17	ATIVO	a3d8d3f2-8999-4eca-9950-eef6f223283e	156
745	2025-03-17	ATIVO	a3d8d3f2-8999-4eca-9950-eef6f223283e	157
746	2025-03-17	ATIVO	a3d8d3f2-8999-4eca-9950-eef6f223283e	158
747	2025-03-17	ATIVO	faf82468-3946-4ebf-843b-b14483ae7c56	159
748	2025-03-17	ATIVO	faf82468-3946-4ebf-843b-b14483ae7c56	160
749	2025-03-17	ATIVO	faf82468-3946-4ebf-843b-b14483ae7c56	161
750	2025-03-17	ATIVO	faf82468-3946-4ebf-843b-b14483ae7c56	162
751	2025-03-17	ATIVO	faf82468-3946-4ebf-843b-b14483ae7c56	163
752	2025-03-17	ATIVO	e389aac6-9c72-4881-b481-7e9174d222e5	164
753	2025-03-17	ATIVO	e389aac6-9c72-4881-b481-7e9174d222e5	165
754	2025-03-17	ATIVO	e389aac6-9c72-4881-b481-7e9174d222e5	166
755	2025-03-17	ATIVO	e389aac6-9c72-4881-b481-7e9174d222e5	167
756	2025-03-17	ATIVO	e389aac6-9c72-4881-b481-7e9174d222e5	168
757	2025-03-17	ATIVO	93e37be3-32e8-42f5-969a-4de900697412	169
758	2025-03-17	ATIVO	93e37be3-32e8-42f5-969a-4de900697412	170
759	2025-03-17	ATIVO	93e37be3-32e8-42f5-969a-4de900697412	171
760	2025-03-17	ATIVO	93e37be3-32e8-42f5-969a-4de900697412	172
761	2025-03-17	ATIVO	93e37be3-32e8-42f5-969a-4de900697412	173
\.


--
-- Data for Name: pagamento; Type: TABLE DATA; Schema: public; Owner: ricajust
--

COPY public.pagamento (id, data_vencimento, status, valor_total, aluno_id) FROM stdin;
2ac5dbc8-617a-4c75-9a01-919d95492067	2025-04-17	PENDENTE	535.00	19094345-a2da-465b-aa42-246be6199151
0b0d8cb6-6820-4184-b536-771d4500d5d0	2025-04-17	PENDENTE	515.00	e242b257-8ada-4107-a0ff-bed7daab1123
fb7b62f1-aeb0-48a9-b6e9-3049aaf472bd	2025-04-17	PENDENTE	570.00	0c9cb1ab-1d5e-499a-9c9d-afe43efd0bf2
7aed30bb-78c2-48e9-8f92-ab3660274e8b	2025-04-17	PENDENTE	580.00	cbbc18cc-569d-49e4-95af-2cec0a62dcbd
1994d795-396b-45e1-84d3-427228ee3c0f	2025-04-17	PENDENTE	450.00	eb279f4d-37f1-406a-a53f-ed89bdd252aa
f9bdfc70-0bf5-49e3-bd43-ea3894aa1af2	2025-04-17	PENDENTE	485.00	8c6566a6-a451-4be7-9ede-5cc1b53ba843
2d256f0b-93b7-45da-8587-c9d4d5ecdb19	2025-04-17	PENDENTE	520.00	0e1ec798-7bcb-4246-92c6-b1194c9ff64d
61195a2e-0b1b-4996-a7b6-a11db5b9290a	2025-04-17	PENDENTE	535.00	ccfcb48e-2351-47ac-b77f-3e6a9b909189
e6d6c8c7-d519-4123-aa3e-7a5fecfbea7a	2025-04-17	PENDENTE	580.00	53ea1842-97f4-4562-83cf-552075b6a18b
b7f3e53b-7aeb-4308-974d-13fe52363987	2025-04-17	PENDENTE	540.00	ae6dc565-1286-44e3-b26f-1da6936bb234
25d7d90e-741e-43e7-b5a5-1e227e9e1754	2025-04-17	PENDENTE	425.00	ec5710c5-9c39-4e5f-be7f-4aca0ee0766f
ba677583-1c51-432a-9e83-4b53eec030bb	2025-04-17	PENDENTE	560.00	1375d219-75b5-4369-ac72-3fb905e15d2e
e45eac69-5c44-48f4-877f-7f2ef5155f0c	2025-04-17	PENDENTE	485.00	04ec6a82-0415-47f7-b0c8-1bc153b4e000
428c941d-0e67-4cfd-8bb6-ad60827d191e	2025-04-17	PENDENTE	1180.00	46b03ae6-fa0e-479a-8280-5b869beaaaac
7de4a1e6-b174-41c0-b1c0-c34a8fffa6a4	2025-04-17	PENDENTE	595.00	8c76878f-b667-44ed-adaa-df290135bace
1697de2b-7aa3-47b7-b21f-0b7c971befd6	2025-04-17	PENDENTE	400.00	6d26d397-1486-4e2a-93d4-5d9f4987d506
a7163f96-8d7c-4d37-ad79-2de982f52f88	2025-04-17	PENDENTE	520.00	7c5f7bb4-da51-486a-b4d7-399ef9c5bb06
93d7c13a-31b7-4bb0-9f9f-ef911e98a0ed	2025-04-17	PENDENTE	510.00	ba9cd3b7-4165-4de0-802a-37ea28f8959a
56dae32a-20ef-4210-b63d-7f21d31b9e6f	2025-04-17	PENDENTE	565.00	cc271f8f-0c01-4a51-a058-def62b934c07
8e7598f5-79c4-4a17-aed8-23cd7481edc9	2025-04-17	PENDENTE	580.00	7b2ce095-b0ca-4eb0-bcef-0e04a9890d54
4e2ad880-0c90-45b8-873f-81b26076d028	2025-04-17	PENDENTE	500.00	ffe5bb4c-d8dd-4abb-a64b-35ac87a78423
af09d2c6-d82f-4dfc-873d-7468b2669b4e	2025-04-17	PENDENTE	445.00	1da4ff59-af59-490e-84b4-8fd420e4978a
6aaecf0f-7220-45c6-8720-2381fa185f72	2025-04-17	PENDENTE	535.00	e1adabcb-9e9d-496e-94af-6d2dcfbb89f4
49ff031c-e2a1-446a-9923-42459dcfd87f	2025-04-17	PENDENTE	505.00	05316dba-f211-48e4-a9aa-792a1381a600
a45f7ee0-60a7-47e2-8245-a8fcc0f59ef4	2025-04-17	PENDENTE	590.00	d0cab581-d6eb-4e0f-8625-75624dc36d2a
63997aa5-1a20-4254-941f-62b43bb4c76f	2025-04-17	PENDENTE	570.00	d86d40c3-fe12-4c82-86b9-5b9df50c3ec6
33a1475b-47be-459f-b654-11ec50640335	2025-04-17	PENDENTE	415.00	6b8ef4fe-d0fb-4d23-9f2f-a51be46ab281
4c0d79d4-0e0b-4602-83be-4642c6b8b7b9	2025-04-17	PENDENTE	535.00	ca451dd5-503b-4693-a273-df5d03d44bfe
eb605370-4c13-481b-8440-68f109f7c008	2025-04-17	PENDENTE	515.00	a3d8d3f2-8999-4eca-9950-eef6f223283e
4bbf6df2-aee7-43fb-ae7e-3170329ad27f	2025-04-17	PENDENTE	570.00	faf82468-3946-4ebf-843b-b14483ae7c56
39117f43-7d7b-4f76-81dd-462cd0c60dcf	2025-04-17	PENDENTE	580.00	e389aac6-9c72-4881-b481-7e9174d222e5
b37d2efe-d04c-4df7-9319-43ff668cc4c3	2025-04-17	PENDENTE	450.00	93e37be3-32e8-42f5-969a-4de900697412
\.


--
-- Data for Name: professor; Type: TABLE DATA; Schema: public; Owner: ricajust
--

COPY public.professor (especialidade, formacao, id) FROM stdin;
Psico Pedagoga	Pedagogia	9474a265-f13a-42da-a498-a98426ab4b2f
Algoritmos	Cincia da Computao	9e0d91bc-9553-4757-a5a3-63da54f6757d
Desenvolvimento Web	Engenharia de Software	0896700f-d56f-45f5-9548-5d8c0058cd17
Banco de Dados	Sistemas de Informao	a6d82259-033f-48b3-b728-b42f0cd57d85
Inteligncia Artificial	Cincia da Computao	cc99f012-bd53-4c03-8cb4-45d3a41320b0
Redes de Computadores	Engenharia de Computao	9991f84b-d015-4f22-8740-44d086ca3796
Segurana da Informao	Cincia da Computao	c079bbb5-803b-4b40-bd04-568020a7bfac
Arquitetura de Software	Sistemas de Informao	66270520-2a81-4a5a-b317-cb84c6daa9a1
Desenvolvimento Mobile	Engenharia de Software	4796b6e2-5b35-40e7-9cc2-356aebabb81f
Computao Grfica	Cincia da Computao	fb652886-64f3-4ca0-b832-d4636d1caca2
Sistemas Embarcados	Engenharia de Computao	b5a6bca9-12ec-4d91-8347-226e8cf6c148
Engenharia de Software	Cincia da Computao	b961c2b2-6636-44dd-b014-a1626d8afc1a
Desenvolvimento de Jogos	Sistemas de Informao	2a6638a5-19e7-43de-bedd-a68b30e0af45
Computao em Nuvem	Cincia da Computao	77b81348-2607-4b8c-9e4c-084d62bdf496
Desenvolvimento de Aplicaes	Engenharia de Software	13a6f252-103b-4282-b478-5d64f041cf47
Anlise de Sistemas	Anlise de Sistemas	cf496574-54a2-4aa7-ab6c-456eddd73369
Desenvolvimento Backend	Desenvolvimento de Sistemas	b0749f27-9758-4f03-9395-8dea5d73b539
Big Data	Anlise de Dados	0baf685b-b818-4a5f-a960-a84af07884ab
Infraestrutura de TI	Gesto de TI	2d47cf96-3c27-4683-ac78-8193f77b86c0
Frontend Avanado	Desenvolvimento Web	cba4a3db-c1ba-44f3-bd58-2b6c4df868c3
Machine Learning	Cincia da Computao	b6f9d986-d07e-4600-a8a0-2f1c9c6be845
Segurana de Redes	Engenharia de Redes	0208b329-2ba6-4b28-aaf4-1e338dace575
Administrao de BD	Sistemas de Informao	22192a44-5139-4e39-a231-ccc71fb9d3ab
UX/UI	Design Digital	d7e14728-d845-4234-8037-3339f60783a9
Viso Computacional	Engenharia da Computao	ac8220a2-6583-4384-9109-e07e159044b3
Cloud Computing	Sistemas para Internet	3687805b-1b47-4d3b-adcc-31ac4b0608ca
Cloud Computing	Sistemas para Internet	c3e524fa-c93c-455f-b386-705c2b353950
\.


--
-- Data for Name: usuario; Type: TABLE DATA; Schema: public; Owner: ricajust
--

COPY public.usuario (id, bairro, cep, cidade, data_nascimento, email, endereco, nome, senha, telefone, uf, cpf) FROM stdin;
19094345-a2da-465b-aa42-246be6199151	Centro	00000-002	Sta Parnaiba	2000-01-01	ricardo.justino@exemplo.com	Al Tubaina, 666	Ricardo Justino	$2a$10$6BXwDpRAyhAn.5/Rx8e.N.Kw833Q20VKsLwkPafdvr.mZYgfrRREW	11977777777	SP	222.654.987-00
9474a265-f13a-42da-a498-a98426ab4b2f	Centro	00000-000	Osasco	2000-01-01	daniela.justino@exemplo.com	Rua Limo, 234	Daniela Justino	$2a$10$6BXwDpRAyhAn.5/Rx8e.N.Kw833Q20VKsLwkPafdvr.mZYgfrRREW	11988888888	SP	333.654.987-00
9e0d91bc-9553-4757-a5a3-63da54f6757d	Jardim	12345-678	So Paulo	1985-05-15	carlos.silva@exemplo.com	Rua das Flores, 123	Carlos Silva	$2a$10$6BXwDpRAyhAn.5/Rx8e.N.Kw833Q20VKsLwkPafdvr.mZYgfrRREW	11999999999	SP	123.456.789-01
0896700f-d56f-45f5-9548-5d8c0058cd17	Bela Vista	23456-789	So Paulo	1990-07-20	mariana.souza@exemplo.com	Avenida Paulista, 456	Mariana Souza	$2a$10$6BXwDpRAyhAn.5/Rx8e.N.Kw833Q20VKsLwkPafdvr.mZYgfrRREW	11988887777	SP	987.654.321-02
a6d82259-033f-48b3-b728-b42f0cd57d85	Centro	34567-890	Campinas	1978-03-10	roberto.lima@exemplo.com	Rua das Palmeiras, 789	Roberto Lima	$2a$10$6BXwDpRAyhAn.5/Rx8e.N.Kw833Q20VKsLwkPafdvr.mZYgfrRREW	11977776666	SP	456.789.123-03
cc99f012-bd53-4c03-8cb4-45d3a41320b0	Pinheiros	45678-901	So Paulo	1982-11-25	ana.ferreira@exemplo.com	Rua dos Pinheiros, 101	Ana Paula Ferreira	$2a$10$6BXwDpRAyhAn.5/Rx8e.N.Kw833Q20VKsLwkPafdvr.mZYgfrRREW	11966665555	SP	321.654.987-04
22192a44-5139-4e39-a231-ccc71fb9d3ab	Persistncia	06100-000	Osasco	1989-09-03	leticia.rocha@techschool.com	Rua do Banco de Dados, 620	Letcia Rocha	$2a$10$6BXwDpRAyhAn.5/Rx8e.N.Kw833Q20VKsLwkPafdvr.mZYgfrRREW	11990123456	SP	019.020.021-22
d7e14728-d845-4234-8037-3339f60783a9	Interfaces	13100-000	Campinas	1997-01-18	gustavo.azevedo@techschool.com	Avenida do Frontend, 740	Gustavo Azevedo	$2a$10$6BXwDpRAyhAn.5/Rx8e.N.Kw833Q20VKsLwkPafdvr.mZYgfrRREW	11997890123	SP	022.023.024-25
ac8220a2-6583-4384-9109-e07e159044b3	Aprendizado	03000-000	So Paulo	1985-06-08	carla.santos@techschool.com	Rua da Inteligncia, 860	Carla Santos	$2a$10$6BXwDpRAyhAn.5/Rx8e.N.Kw833Q20VKsLwkPafdvr.mZYgfrRREW	11992345678	SP	025.026.027-28
9991f84b-d015-4f22-8740-44d086ca3796	Centro	56789-012	Rio de Janeiro	1995-02-18	fernando.oliveira@exemplo.com	Avenida Brasil, 202	Fernando Oliveira	$2a$10$6BXwDpRAyhAn.5/Rx8e.N.Kw833Q20VKsLwkPafdvr.mZYgfrRREW	11955554444	RJ	654.321.987-05
c079bbb5-803b-4b40-bd04-568020a7bfac	Vila Mariana	67890-123	So Paulo	1988-09-30	juliana.mendes@exemplo.com	Rua das Accias, 303	Juliana Mendes	$2a$10$6BXwDpRAyhAn.5/Rx8e.N.Kw833Q20VKsLwkPafdvr.mZYgfrRREW	11944443333	SP	789.123.456-06
66270520-2a81-4a5a-b317-cb84c6daa9a1	Copacabana	78901-234	Rio de Janeiro	1975-12-05	ricardo.santos@exemplo.com	Avenida Atlntica, 404	Ricardo Santos	$2a$10$6BXwDpRAyhAn.5/Rx8e.N.Kw833Q20VKsLwkPafdvr.mZYgfrRREW	11933332222	RJ	987.123.654-07
4796b6e2-5b35-40e7-9cc2-356aebabb81f	Laranjeiras	89012-345	Rio de Janeiro	1992-04-22	patricia.almeida@exemplo.com	Rua das Laranjeiras, 505	Patrcia Almeida	$2a$10$6BXwDpRAyhAn.5/Rx8e.N.Kw833Q20VKsLwkPafdvr.mZYgfrRREW	11922221111	RJ	654.987.321-08
fb652886-64f3-4ca0-b832-d4636d1caca2	Centro	90123-456	Belo Horizonte	1980-08-12	gustavo.pereira@exemplo.com	Rua das Mangueiras, 606	Gustavo Pereira	$2a$10$6BXwDpRAyhAn.5/Rx8e.N.Kw833Q20VKsLwkPafdvr.mZYgfrRREW	11911110000	MG	321.987.654-09
b5a6bca9-12ec-4d91-8347-226e8cf6c148	Barra da Tijuca	01234-567	Rio de Janeiro	1983-06-17	renata.costa@exemplo.com	Avenida das Amricas, 707	Renata Costa	$2a$10$6BXwDpRAyhAn.5/Rx8e.N.Kw833Q20VKsLwkPafdvr.mZYgfrRREW	11900009999	RJ	123.789.456-10
b961c2b2-6636-44dd-b014-a1626d8afc1a	Centro	23456-789	Curitiba	1979-01-28	marcelo.nunes@exemplo.com	Rua das Oliveiras, 808	Marcelo Nunes	$2a$10$6BXwDpRAyhAn.5/Rx8e.N.Kw833Q20VKsLwkPafdvr.mZYgfrRREW	11988887777	PR	456.321.789-11
2a6638a5-19e7-43de-bedd-a68b30e0af45	Centro	34567-890	Fortaleza	1991-03-14	beatriz.lima@exemplo.com	Avenida das Palmeiras, 909	Beatriz Lima	$2a$10$6BXwDpRAyhAn.5/Rx8e.N.Kw833Q20VKsLwkPafdvr.mZYgfrRREW	11977776666	CE	789.654.123-12
77b81348-2607-4b8c-9e4c-084d62bdf496	Centro	45678-901	Salvador	1987-10-09	lucas.rocha@exemplo.com	Rua das Hortnsias, 1010	Lucas Rocha	$2a$10$6BXwDpRAyhAn.5/Rx8e.N.Kw833Q20VKsLwkPafdvr.mZYgfrRREW	11966665555	BA	321.456.789-13
13a6f252-103b-4282-b478-5d64f041cf47	Centro	56789-012	Porto Alegre	1984-02-27	fernanda.martins@exemplo.com	Avenida das Rosas, 1111	Fernanda Martins	$2a$10$6BXwDpRAyhAn.5/Rx8e.N.Kw833Q20VKsLwkPafdvr.mZYgfrRREW	11955554444	RS	654.789.321-14
f478f6cb-7685-478d-a790-d83abdc6f1de	Jardim	12345-678	So Paulo	1985-05-15	eduardo.gomes@exemplo.com	Rua das Flores, 123	Eduardo Gomes	$2a$10$6BXwDpRAyhAn.5/Rx8e.N.Kw833Q20VKsLwkPafdvr.mZYgfrRREW	11999999999	SP	111.222.333-44
745501e4-3c0f-4ebc-8543-03eb189a593e	Bela Vista	23456-789	So Paulo	1990-07-20	larissa.oliveira@exemplo.com	Avenida Paulista, 456	Larissa Oliveira	$2a$10$6BXwDpRAyhAn.5/Rx8e.N.Kw833Q20VKsLwkPafdvr.mZYgfrRREW	11988887777	SP	222.333.444-55
5036b5b7-37ed-4ec8-b06d-8704742df9ab	Centro	34567-890	Campinas	1978-03-10	felipe.santos@exemplo.com	Rua das Palmeiras, 789	Felipe Santos	$2a$10$6BXwDpRAyhAn.5/Rx8e.N.Kw833Q20VKsLwkPafdvr.mZYgfrRREW	11977776666	SP	333.444.555-66
ae4ce02c-d0e5-4deb-a9b2-90495963aac2	Pinheiros	45678-901	So Paulo	1982-11-25	camila.ferreira@exemplo.com	Rua dos Pinheiros, 101	Camila Ferreira	$2a$10$6BXwDpRAyhAn.5/Rx8e.N.Kw833Q20VKsLwkPafdvr.mZYgfrRREW	11966665555	SP	444.555.666-77
da4e505b-14da-41b6-9b4d-e14f49352bef	Centro	56789-012	Rio de Janeiro	1995-02-18	rafael.almeida@exemplo.com	Avenida Brasil, 202	Rafael Almeida	$2a$10$6BXwDpRAyhAn.5/Rx8e.N.Kw833Q20VKsLwkPafdvr.mZYgfrRREW	11955554444	RJ	555.666.777-88
6eadf160-0c9c-41af-aca5-85f8cd3dc0b3	Vila Mariana	67890-123	So Paulo	1988-09-30	tatiana.mendes@exemplo.com	Rua das Accias, 303	Tatiana Mendes	$2a$10$6BXwDpRAyhAn.5/Rx8e.N.Kw833Q20VKsLwkPafdvr.mZYgfrRREW	11944443333	SP	666.777.888-99
598aae12-a28d-43a9-a48f-52d9d71ae385	Copacabana	78901-234	Rio de Janeiro	1975-12-05	leonardo.costa@exemplo.com	Avenida Atlntica, 404	Leonardo Costa	$2a$10$6BXwDpRAyhAn.5/Rx8e.N.Kw833Q20VKsLwkPafdvr.mZYgfrRREW	11933332222	RJ	777.888.999-00
fab14d82-a823-45f0-931b-a2807383fd15	Laranjeiras	89012-345	Rio de Janeiro	1992-04-22	patricia.almeida@exemplo.com	Rua das Laranjeiras, 505	Patrcia Almeida	$2a$10$6BXwDpRAyhAn.5/Rx8e.N.Kw833Q20VKsLwkPafdvr.mZYgfrRREW	11922221111	RJ	888.999.000-11
84bb467d-6faf-48c8-9d2d-f325df30fd32	Centro	90123-456	Belo Horizonte	1980-08-12	gustavo.pereira@exemplo.com	Rua das Mangueiras, 606	Gustavo Pereira	$2a$10$6BXwDpRAyhAn.5/Rx8e.N.Kw833Q20VKsLwkPafdvr.mZYgfrRREW	11911110000	MG	999.000.111-22
8fcd77ef-a470-4c2b-9941-38da0633e9ec	Barra da Tijuca	01234-567	Rio de Janeiro	1983-06-17	renata.costa@exemplo.com	Avenida das Amricas, 707	Renata Costa	$2a$10$6BXwDpRAyhAn.5/Rx8e.N.Kw833Q20VKsLwkPafdvr.mZYgfrRREW	11900009999	RJ	000.111.222-33
318a1dde-2c22-4af2-9542-202488127bcb	Centro	56789-012	Porto Alegre	1984-02-27	fernanda.martins@exemplo.com	Avenida das Rosas, 1111	Fernanda Martins	$2a$10$6BXwDpRAyhAn.5/Rx8e.N.Kw833Q20VKsLwkPafdvr.mZYgfrRREW	11955554444	RS	123.456.789-00
16ec45ab-8e1c-4ada-a4b2-d292a09851e6	Centro	67890-123	So Paulo	1986-11-15	gabriel.souza@exemplo.com	Rua das Violetas, 222	Gabriel Souza	$2a$10$6BXwDpRAyhAn.5/Rx8e.N.Kw833Q20VKsLwkPafdvr.mZYgfrRREW	11944443333	SP	234.567.890-11
31dc4b6a-7c20-413b-bad7-b8a27aeb65af	Centro	34567-890	Campinas	1992-03-10	isabela.lima@exemplo.com	Avenida das Orqudeas, 333	Isabela Lima	$2a$10$6BXwDpRAyhAn.5/Rx8e.N.Kw833Q20VKsLwkPafdvr.mZYgfrRREW	11933332222	SP	345.678.901-22
2b344d70-43c2-4905-8c82-80d7002a269b	Centro	45678-901	So Paulo	1980-07-20	thiago.almeida@exemplo.com	Rua das Margaridas, 444	Thiago Almeida	$2a$10$6BXwDpRAyhAn.5/Rx8e.N.Kw833Q20VKsLwkPafdvr.mZYgfrRREW	11922221111	SP	456.789.012-33
db8512e9-c943-4b97-842b-d2bf5c08c3d8	Centro	56789-012	Rio de Janeiro	1985-01-25	vanessa.costa@exemplo.com	Avenida das Tulipas, 555	Vanessa Costa	$2a$10$6BXwDpRAyhAn.5/Rx8e.N.Kw833Q20VKsLwkPafdvr.mZYgfrRREW	11911110000	RJ	567.890.123-44
6249aa83-465c-4dcd-843e-cf72830a9cfc	Centro	67890-123	So Paulo	1979-09-30	rodrigo.pereira@exemplo.com	Rua das Azaleias, 666	Rodrigo Pereira	$2a$10$6BXwDpRAyhAn.5/Rx8e.N.Kw833Q20VKsLwkPafdvr.mZYgfrRREW	11900009999	SP	678.901.234-55
ce047037-7f59-44dd-bf6e-fc3723eba401	Centro	23456-789	Curitiba	1983-06-17	aline.santos@exemplo.com	Avenida das Camlias, 777	Aline Santos	$2a$10$6BXwDpRAyhAn.5/Rx8e.N.Kw833Q20VKsLwkPafdvr.mZYgfrRREW	11988887777	PR	789.012.345-66
1beeac33-8e48-4b74-b9c7-c9fb7b012729	Centro	34567-890	Fortaleza	1991-03-14	bruno.nunes@exemplo.com	Avenida das Gardnias, 888	Bruno Nunes	$2a$10$6BXwDpRAyhAn.5/Rx8e.N.Kw833Q20VKsLwkPafdvr.mZYgfrRREW	11977776666	CE	890.123.456-77
5b8d3fee-a1bd-4ef6-a43a-5616d94dedc1	Centro	45678-901	Salvador	1987-10-09	carla.rocha@exemplo.com	Rua das Hortnsias, 1010	Carla Rocha	$2a$10$6BXwDpRAyhAn.5/Rx8e.N.Kw833Q20VKsLwkPafdvr.mZYgfrRREW	11966665555	BA	901.234.567-88
17b8aba1-cb5a-4f1d-9bf3-e759e0ad8f1e	Centro	56789-012	Porto Alegre	1984-02-27	diego.martins@exemplo.com	Avenida das Rosas, 1111	Diego Martins	$2a$10$6BXwDpRAyhAn.5/Rx8e.N.Kw833Q20VKsLwkPafdvr.mZYgfrRREW	11955554444	RS	012.345.678-99
e242b257-8ada-4107-a0ff-bed7daab1123	Bairro Mock	55415437	Cidade Mock	2005-06-05	lucasnascimento0@email.com	Rua Mock, 39	Lucas Nascimento	$2a$10$6BXwDpRAyhAn.5/Rx8e.N.Kw833Q20VKsLwkPafdvr.mZYgfrRREW	11957285084	SP	37362919816
0c9cb1ab-1d5e-499a-9c9d-afe43efd0bf2	Bairro Mock	37189610	Cidade Mock	2004-12-29	carolinaribeiro1@email.com	Rua Mock, 89	Carolina Ribeiro	$2a$10$6BXwDpRAyhAn.5/Rx8e.N.Kw833Q20VKsLwkPafdvr.mZYgfrRREW	11948617148	SP	00734036604
cbbc18cc-569d-49e4-95af-2cec0a62dcbd	Bairro Mock	52967568	Cidade Mock	2005-11-09	vanessacosta2@email.com	Rua Mock, 199	Vanessa Costa	$2a$10$6BXwDpRAyhAn.5/Rx8e.N.Kw833Q20VKsLwkPafdvr.mZYgfrRREW	11953280950	SP	10117522554
eb279f4d-37f1-406a-a53f-ed89bdd252aa	Bairro Mock	60356735	Cidade Mock	2004-08-10	vanessalima3@email.com	Rua Mock, 44	Vanessa Lima	$2a$10$6BXwDpRAyhAn.5/Rx8e.N.Kw833Q20VKsLwkPafdvr.mZYgfrRREW	11960174980	SP	97645777761
8c6566a6-a451-4be7-9ede-5cc1b53ba843	Bairro Mock	77302567	Cidade Mock	2005-03-21	beatrizmelo4@email.com	Rua Mock, 101	Beatriz Melo	$2a$10$6BXwDpRAyhAn.5/Rx8e.N.Kw833Q20VKsLwkPafdvr.mZYgfrRREW	11910491885	SP	17501595038
0e1ec798-7bcb-4246-92c6-b1194c9ff64d	Bairro Mock	28807043	Cidade Mock	2005-11-05	zecavieira5@email.com	Rua Mock, 23	Zeca Vieira	$2a$10$6BXwDpRAyhAn.5/Rx8e.N.Kw833Q20VKsLwkPafdvr.mZYgfrRREW	11908512939	SP	93747312403
ccfcb48e-2351-47ac-b77f-3e6a9b909189	Bairro Mock	15819181	Cidade Mock	2002-11-17	helenazanetti6@email.com	Rua Mock, 90	Helena Zanetti	$2a$10$6BXwDpRAyhAn.5/Rx8e.N.Kw833Q20VKsLwkPafdvr.mZYgfrRREW	11920783884	SP	28321349714
53ea1842-97f4-4562-83cf-552075b6a18b	Bairro Mock	70480493	Cidade Mock	2004-07-27	ericasilva7@email.com	Rua Mock, 100	Erica Silva	$2a$10$6BXwDpRAyhAn.5/Rx8e.N.Kw833Q20VKsLwkPafdvr.mZYgfrRREW	11927882035	SP	93329062975
ae6dc565-1286-44e3-b26f-1da6936bb234	Bairro Mock	34967636	Cidade Mock	2003-07-22	thiagobarbosa8@email.com	Rua Mock, 120	Thiago Barbosa	$2a$10$6BXwDpRAyhAn.5/Rx8e.N.Kw833Q20VKsLwkPafdvr.mZYgfrRREW	11915294041	SP	63205344359
ec5710c5-9c39-4e5f-be7f-4aca0ee0766f	Bairro Mock	92381799	Cidade Mock	2005-11-01	carlosteixeira9@email.com	Rua Mock, 111	Carlos Teixeira	$2a$10$6BXwDpRAyhAn.5/Rx8e.N.Kw833Q20VKsLwkPafdvr.mZYgfrRREW	11905551204	SP	62209609550
1375d219-75b5-4369-ac72-3fb905e15d2e	Bairro Mock	84824140	Cidade Mock	2003-05-05	diegoxavier10@email.com	Rua Mock, 58	Diego Xavier	$2a$10$6BXwDpRAyhAn.5/Rx8e.N.Kw833Q20VKsLwkPafdvr.mZYgfrRREW	11966487664	SP	93217142276
04ec6a82-0415-47f7-b0c8-1bc153b4e000	Bairro Mock	14989405	Cidade Mock	2003-06-04	diegovargas11@email.com	Rua Mock, 34	Diego Vargas	$2a$10$6BXwDpRAyhAn.5/Rx8e.N.Kw833Q20VKsLwkPafdvr.mZYgfrRREW	11934904637	SP	27195943429
46b03ae6-fa0e-479a-8280-5b869beaaaac	Bairro Mock	21721370	Cidade Mock	2007-03-13	williambarbosa12@email.com	Rua Mock, 49	William Barbosa	$2a$10$6BXwDpRAyhAn.5/Rx8e.N.Kw833Q20VKsLwkPafdvr.mZYgfrRREW	11966084302	SP	87125077412
8c76878f-b667-44ed-adaa-df290135bace	Bairro Mock	34442438	Cidade Mock	2005-07-18	carlosxavier13@email.com	Rua Mock, 76	Carlos Xavier	$2a$10$6BXwDpRAyhAn.5/Rx8e.N.Kw833Q20VKsLwkPafdvr.mZYgfrRREW	11925543932	SP	37841710798
6d26d397-1486-4e2a-93d4-5d9f4987d506	Bairro Mock	09655997	Cidade Mock	2004-04-16	zecapinto14@email.com	Rua Mock, 112	Zeca Pinto	$2a$10$6BXwDpRAyhAn.5/Rx8e.N.Kw833Q20VKsLwkPafdvr.mZYgfrRREW	11985642485	SP	13673403060
7c5f7bb4-da51-486a-b4d7-399ef9c5bb06	Bairro Mock	58944148	Cidade Mock	2005-09-30	gabrielmartins15@email.com	Rua Mock, 144	Gabriel Martins	$2a$10$6BXwDpRAyhAn.5/Rx8e.N.Kw833Q20VKsLwkPafdvr.mZYgfrRREW	11958427406	SP	36262072004
ba9cd3b7-4165-4de0-802a-37ea28f8959a	Bairro Mock	43330296	Cidade Mock	2003-09-05	diegooliveira16@email.com	Rua Mock, 130	Diego Oliveira	$2a$10$6BXwDpRAyhAn.5/Rx8e.N.Kw833Q20VKsLwkPafdvr.mZYgfrRREW	11922556107	SP	36503266120
cc271f8f-0c01-4a51-a058-def62b934c07	Bairro Mock	36986537	Cidade Mock	2004-07-14	vanessacarvalho17@email.com	Rua Mock, 43	Vanessa Carvalho	$2a$10$6BXwDpRAyhAn.5/Rx8e.N.Kw833Q20VKsLwkPafdvr.mZYgfrRREW	11930874438	SP	21998081818
7b2ce095-b0ca-4eb0-bcef-0e04a9890d54	Bairro Mock	76500133	Cidade Mock	2005-01-18	xaviercarvalho18@email.com	Rua Mock, 83	Xavier Carvalho	$2a$10$6BXwDpRAyhAn.5/Rx8e.N.Kw833Q20VKsLwkPafdvr.mZYgfrRREW	11998947038	SP	57758747574
ffe5bb4c-d8dd-4abb-a64b-35ac87a78423	Bairro Mock	25268625	Cidade Mock	2004-06-23	thiagolima19@email.com	Rua Mock, 140	Thiago Lima	$2a$10$6BXwDpRAyhAn.5/Rx8e.N.Kw833Q20VKsLwkPafdvr.mZYgfrRREW	11907362687	SP	58410892502
1da4ff59-af59-490e-84b4-8fd420e4978a	Bairro Mock	52220061	Cidade Mock	2006-02-09	joobarbosa20@email.com	Rua Mock, 12	Joo Barbosa	$2a$10$6BXwDpRAyhAn.5/Rx8e.N.Kw833Q20VKsLwkPafdvr.mZYgfrRREW	11971691657	SP	15855141527
e1adabcb-9e9d-496e-94af-6d2dcfbb89f4	Bairro Mock	15593733	Cidade Mock	2003-11-16	diegofreitas21@email.com	Rua Mock, 127	Diego Freitas	$2a$10$6BXwDpRAyhAn.5/Rx8e.N.Kw833Q20VKsLwkPafdvr.mZYgfrRREW	11929849666	SP	21081999934
05316dba-f211-48e4-a9aa-792a1381a600	Bairro Mock	33342394	Cidade Mock	2004-08-03	fernandapereira22@email.com	Rua Mock, 82	Fernanda Pereira	$2a$10$6BXwDpRAyhAn.5/Rx8e.N.Kw833Q20VKsLwkPafdvr.mZYgfrRREW	11979414970	SP	83916600362
d0cab581-d6eb-4e0f-8625-75624dc36d2a	Bairro Mock	12711653	Cidade Mock	2002-09-01	carlosvargas23@email.com	Rua Mock, 34	Carlos Vargas	$2a$10$6BXwDpRAyhAn.5/Rx8e.N.Kw833Q20VKsLwkPafdvr.mZYgfrRREW	11910839434	SP	76846658807
d86d40c3-fe12-4c82-86b9-5b9df50c3ec6	Bairro Mock	84520053	Cidade Mock	2006-01-19	carolinasilva24@email.com	Rua Mock, 111	Carolina Silva	$2a$10$6BXwDpRAyhAn.5/Rx8e.N.Kw833Q20VKsLwkPafdvr.mZYgfrRREW	11985310464	SP	45935286238
6b8ef4fe-d0fb-4d23-9f2f-a51be46ab281	Bairro Mock	21229139	Cidade Mock	2004-07-09	carloszanetti25@email.com	Rua Mock, 24	Carlos Zanetti	$2a$10$6BXwDpRAyhAn.5/Rx8e.N.Kw833Q20VKsLwkPafdvr.mZYgfrRREW	11913637427	SP	06661405457
ca451dd5-503b-4693-a273-df5d03d44bfe	Bairro Mock	03855362	Cidade Mock	2002-08-25	pedromelo26@email.com	Rua Mock, 69	Pedro Melo	$2a$10$6BXwDpRAyhAn.5/Rx8e.N.Kw833Q20VKsLwkPafdvr.mZYgfrRREW	11934408950	SP	03952795771
a3d8d3f2-8999-4eca-9950-eef6f223283e	Bairro Mock	83760022	Cidade Mock	2006-05-31	fernandafreitas27@email.com	Rua Mock, 33	Fernanda Freitas	$2a$10$6BXwDpRAyhAn.5/Rx8e.N.Kw833Q20VKsLwkPafdvr.mZYgfrRREW	11940902234	SP	17986007656
faf82468-3946-4ebf-843b-b14483ae7c56	Bairro Mock	93372706	Cidade Mock	2006-04-06	igormelo28@email.com	Rua Mock, 95	Igor Melo	$2a$10$6BXwDpRAyhAn.5/Rx8e.N.Kw833Q20VKsLwkPafdvr.mZYgfrRREW	11995761779	SP	44895875547
e389aac6-9c72-4881-b481-7e9174d222e5	Bairro Mock	76852529	Cidade Mock	2002-12-16	danielteixeira29@email.com	Rua Mock, 88	Daniel Teixeira	$2a$10$6BXwDpRAyhAn.5/Rx8e.N.Kw833Q20VKsLwkPafdvr.mZYgfrRREW	11977485985	SP	91601156537
cf496574-54a2-4aa7-ab6c-456eddd73369	Inovao	01000-000	So Paulo	1993-07-15	pedro.oliveira@itexample.com	Rua da Tecnologia, 50	Pedro Oliveira	$2a$10$6BXwDpRAyhAn.5/Rx8e.N.Kw833Q20VKsLwkPafdvr.mZYgfrRREW	11912340000	SP	999.888.777-66
b0749f27-9758-4f03-9395-8dea5d73b539	Digital	05000-000	So Paulo	1981-08-20	elaine.pereira@techschool.com	Rua Binria, 10	Elaine Pereira	$2a$10$6BXwDpRAyhAn.5/Rx8e.N.Kw833Q20VKsLwkPafdvr.mZYgfrRREW	11991122334	SP	001.002.003-04
0baf685b-b818-4a5f-a960-a84af07884ab	Cdigos	06400-000	Barueri	1996-04-12	rodrigo.alves@techschool.com	Avenida da Programao, 155	Rodrigo Alves	$2a$10$6BXwDpRAyhAn.5/Rx8e.N.Kw833Q20VKsLwkPafdvr.mZYgfrRREW	11995544332	SP	004.005.006-07
2d47cf96-3c27-4683-ac78-8193f77b86c0	Redes	06000-000	Osasco	1983-11-30	patricia.oliveira@techschool.com	Rua do Servidor, 280	Patrcia Oliveira	$2a$10$6BXwDpRAyhAn.5/Rx8e.N.Kw833Q20VKsLwkPafdvr.mZYgfrRREW	11998765432	SP	007.008.009-10
cba4a3db-c1ba-44f3-bd58-2b6c4df868c3	Inovao	13000-000	Campinas	1999-02-01	bruno.fernandes@techschool.com	Avenida do Conhecimento, 312	Bruno Fernandes	$2a$10$6BXwDpRAyhAn.5/Rx8e.N.Kw833Q20VKsLwkPafdvr.mZYgfrRREW	11991234567	SP	010.011.012-13
b6f9d986-d07e-4600-a8a0-2f1c9c6be845	Dados	04000-000	So Paulo	1987-07-25	amanda.souza@techschool.com	Rua da Informao, 456	Amanda Souza	$2a$10$6BXwDpRAyhAn.5/Rx8e.N.Kw833Q20VKsLwkPafdvr.mZYgfrRREW	11996543210	SP	013.014.015-16
0208b329-2ba6-4b28-aaf4-1e338dace575	Lgica	06450-000	Barueri	1992-05-10	vinicius.costa@techschool.com	Avenida dos Algoritmos, 580	Vincius Costa	$2a$10$6BXwDpRAyhAn.5/Rx8e.N.Kw833Q20VKsLwkPafdvr.mZYgfrRREW	11993216540	SP	016.017.018-19
3687805b-1b47-4d3b-adcc-31ac4b0608ca	Cloud	06480-000	Barueri	1994-10-01	fabio.oliveira@techschool.com	Avenida da Nuvem, 999	Fbio Oliveira	$2a$10$6BXwDpRAyhAn.5/Rx8e.N.Kw833Q20VKsLwkPafdvr.mZYgfrRREW	11994567890	SP	028.029.030-31
93e37be3-32e8-42f5-969a-4de900697412	Bairro Mock	76852529	Cidade Mock	2002-12-16	manealves@email.com	Rua Mock, 123	Manoel Alves	$2a$10$6BXwDpRAyhAn.5/Rx8e.N.Kw833Q20VKsLwkPafdvr.mZYgfrRREW	11977232985	SP	70289211077
c3e524fa-c93c-455f-b386-705c2b353950	Cloud	06480-020	Barueri	1997-11-30	juliobat@techschool.com	Avenida da Cloud, 11	Julio Batista	$2a$10$6BXwDpRAyhAn.5/Rx8e.N.Kw833Q20VKsLwkPafdvr.mZYgfrRREW	11994227890	SP	63603198026
718ccb3c-e243-4a5d-812d-8a361afdb8fd	Centro	00000-010	So Paulo	2000-01-01	julia.justino@exemplo.com	Rua Cavalo, 33	Julia Justino	$2a$10$6BXwDpRAyhAn.5/Rx8e.N.Kw833Q20VKsLwkPafdvr.mZYgfrRREW	11955555555	SP	444.654.987-00
\.


--
-- Name: disciplina_seq; Type: SEQUENCE SET; Schema: public; Owner: ricajust
--

SELECT pg_catalog.setval('public.disciplina_seq', 201, true);


--
-- Name: matricula_seq; Type: SEQUENCE SET; Schema: public; Owner: ricajust
--

SELECT pg_catalog.setval('public.matricula_seq', 801, true);


--
-- Name: aluno aluno_pkey; Type: CONSTRAINT; Schema: public; Owner: ricajust
--

ALTER TABLE ONLY public.aluno
    ADD CONSTRAINT aluno_pkey PRIMARY KEY (id);


--
-- Name: cobranca cobranca_pkey; Type: CONSTRAINT; Schema: public; Owner: ricajust
--

ALTER TABLE ONLY public.cobranca
    ADD CONSTRAINT cobranca_pkey PRIMARY KEY (id);


--
-- Name: desempenho desempenho_pkey; Type: CONSTRAINT; Schema: public; Owner: ricajust
--

ALTER TABLE ONLY public.desempenho
    ADD CONSTRAINT desempenho_pkey PRIMARY KEY (id);


--
-- Name: disciplina disciplina_pkey; Type: CONSTRAINT; Schema: public; Owner: ricajust
--

ALTER TABLE ONLY public.disciplina
    ADD CONSTRAINT disciplina_pkey PRIMARY KEY (id);


--
-- Name: funcionario funcionario_pkey; Type: CONSTRAINT; Schema: public; Owner: ricajust
--

ALTER TABLE ONLY public.funcionario
    ADD CONSTRAINT funcionario_pkey PRIMARY KEY (id);


--
-- Name: matricula matricula_pkey; Type: CONSTRAINT; Schema: public; Owner: ricajust
--

ALTER TABLE ONLY public.matricula
    ADD CONSTRAINT matricula_pkey PRIMARY KEY (id);


--
-- Name: pagamento pagamento_pkey; Type: CONSTRAINT; Schema: public; Owner: ricajust
--

ALTER TABLE ONLY public.pagamento
    ADD CONSTRAINT pagamento_pkey PRIMARY KEY (id);


--
-- Name: professor professor_pkey; Type: CONSTRAINT; Schema: public; Owner: ricajust
--

ALTER TABLE ONLY public.professor
    ADD CONSTRAINT professor_pkey PRIMARY KEY (id);


--
-- Name: usuario uk692bsnqxa8m9fmx7m1yc6hsui; Type: CONSTRAINT; Schema: public; Owner: ricajust
--

ALTER TABLE ONLY public.usuario
    ADD CONSTRAINT uk692bsnqxa8m9fmx7m1yc6hsui UNIQUE (cpf);


--
-- Name: usuario usuario_pkey; Type: CONSTRAINT; Schema: public; Owner: ricajust
--

ALTER TABLE ONLY public.usuario
    ADD CONSTRAINT usuario_pkey PRIMARY KEY (id);


--
-- Name: desempenho fk8ks1npsdtfgg8yv5w4ramlqwd; Type: FK CONSTRAINT; Schema: public; Owner: ricajust
--

ALTER TABLE ONLY public.desempenho
    ADD CONSTRAINT fk8ks1npsdtfgg8yv5w4ramlqwd FOREIGN KEY (aluno_id) REFERENCES public.aluno(id);


--
-- Name: matricula fk9q3agcy53y27hpojb8c9xyjc1; Type: FK CONSTRAINT; Schema: public; Owner: ricajust
--

ALTER TABLE ONLY public.matricula
    ADD CONSTRAINT fk9q3agcy53y27hpojb8c9xyjc1 FOREIGN KEY (disciplina_id) REFERENCES public.disciplina(id);


--
-- Name: aluno fkc8wsngo14dwn23nvgsty37bfx; Type: FK CONSTRAINT; Schema: public; Owner: ricajust
--

ALTER TABLE ONLY public.aluno
    ADD CONSTRAINT fkc8wsngo14dwn23nvgsty37bfx FOREIGN KEY (id) REFERENCES public.usuario(id);


--
-- Name: desempenho fkf3cu96fjn32eqbm743ai7y0js; Type: FK CONSTRAINT; Schema: public; Owner: ricajust
--

ALTER TABLE ONLY public.desempenho
    ADD CONSTRAINT fkf3cu96fjn32eqbm743ai7y0js FOREIGN KEY (disciplina_id) REFERENCES public.disciplina(id);


--
-- Name: funcionario fkjsvlnmymcpdtn32hfainpxb7f; Type: FK CONSTRAINT; Schema: public; Owner: ricajust
--

ALTER TABLE ONLY public.funcionario
    ADD CONSTRAINT fkjsvlnmymcpdtn32hfainpxb7f FOREIGN KEY (id) REFERENCES public.usuario(id);


--
-- Name: cobranca fkk2mh0xvu7bo3iuxfnlqp3qmk8; Type: FK CONSTRAINT; Schema: public; Owner: ricajust
--

ALTER TABLE ONLY public.cobranca
    ADD CONSTRAINT fkk2mh0xvu7bo3iuxfnlqp3qmk8 FOREIGN KEY (pagamento_id) REFERENCES public.pagamento(id);


--
-- Name: professor fkluxnu0qdopy9qdid4brfrw5wt; Type: FK CONSTRAINT; Schema: public; Owner: ricajust
--

ALTER TABLE ONLY public.professor
    ADD CONSTRAINT fkluxnu0qdopy9qdid4brfrw5wt FOREIGN KEY (id) REFERENCES public.usuario(id);


--
-- Name: disciplina fkoqie7f1kx32b1atco9fpgxd7g; Type: FK CONSTRAINT; Schema: public; Owner: ricajust
--

ALTER TABLE ONLY public.disciplina
    ADD CONSTRAINT fkoqie7f1kx32b1atco9fpgxd7g FOREIGN KEY (professor_id) REFERENCES public.professor(id);


--
-- Name: matricula fksmkrefmwkwfyod36k45jf1rr5; Type: FK CONSTRAINT; Schema: public; Owner: ricajust
--

ALTER TABLE ONLY public.matricula
    ADD CONSTRAINT fksmkrefmwkwfyod36k45jf1rr5 FOREIGN KEY (aluno_id) REFERENCES public.aluno(id);


--
-- Name: pagamento fktcqb1nbmlso3sxdhirsbm6i9h; Type: FK CONSTRAINT; Schema: public; Owner: ricajust
--

ALTER TABLE ONLY public.pagamento
    ADD CONSTRAINT fktcqb1nbmlso3sxdhirsbm6i9h FOREIGN KEY (aluno_id) REFERENCES public.aluno(id);


--
-- Name: SCHEMA public; Type: ACL; Schema: -; Owner: pg_database_owner
--

GRANT ALL ON SCHEMA public TO ricajust;


--
-- PostgreSQL database dump complete
--

